model,dataset,MAE,MSE,RMSE,MAPE,R2,EVS,run_date,ABT Window,Train Window,Test Window,Predict Date,retrained
BIMBOA.MX_linreg,train,0.742,1.0012,1.0006,0.0119,0.9688,0.9688,2025-07-12T04:27:15.900613+00:00,2024-05-23 a 2025-07-10,2024-05-23 a 2025-05-14,2025-05-15 a 2025-07-10,2025-07-10,0
BIMBOA.MX_linreg,test,2.9695,13.5966,3.6874,0.0569,-2.616,-0.3251,2025-07-12T04:27:15.900613+00:00,2024-05-23 a 2025-07-10,2024-05-23 a 2025-05-14,2025-05-15 a 2025-07-10,2025-07-10,0
BIMBOA.MX_linreg,train,0.8087,1.1614,1.0777,0.013,0.9638,0.9638,2025-07-12T04:27:15.900613+00:00,2024-05-23 a 2025-07-10,2024-05-23 a 2025-05-14,2025-05-15 a 2025-07-10,2025-07-10,1
BIMBOA.MX_linreg,test,1.7203,5.2141,2.2834,0.0329,-0.3867,0.3013,2025-07-12T04:27:15.900613+00:00,2024-05-23 a 2025-07-10,2024-05-23 a 2025-05-14,2025-05-15 a 2025-07-10,2025-07-10,1
BIMBOA.MX_rf,train,0.7975,1.1732,1.0831,0.0128,0.9634,0.9634,2025-07-12T04:27:15.900613+00:00,2024-05-23 a 2025-07-10,2024-05-23 a 2025-05-14,2025-05-15 a 2025-07-10,2025-07-10,0
BIMBOA.MX_rf,test,0.5244,0.5646,0.7514,0.0099,0.8498,0.8694,2025-07-12T04:27:15.900613+00:00,2024-05-23 a 2025-07-10,2024-05-23 a 2025-05-14,2025-05-15 a 2025-07-10,2025-07-10,0
BIMBOA.MX_rf,train,0.7983,1.141,1.0682,0.0128,0.9644,0.9644,2025-07-12T04:27:15.900613+00:00,2024-05-23 a 2025-07-10,2024-05-23 a 2025-05-14,2025-05-15 a 2025-07-10,2025-07-10,1
BIMBOA.MX_rf,test,0.5192,0.5682,0.7538,0.0098,0.8489,0.8725,2025-07-12T04:27:15.900613+00:00,2024-05-23 a 2025-07-10,2024-05-23 a 2025-05-14,2025-05-15 a 2025-07-10,2025-07-10,1
BIMBOA.MX_xgb,train,0.4824,0.4166,0.6455,0.0078,0.987,0.987,2025-07-12T04:27:15.900613+00:00,2024-05-23 a 2025-07-10,2024-05-23 a 2025-05-14,2025-05-15 a 2025-07-10,2025-07-10,0
BIMBOA.MX_xgb,test,0.47,0.4903,0.7002,0.0089,0.8696,0.8786,2025-07-12T04:27:15.900613+00:00,2024-05-23 a 2025-07-10,2024-05-23 a 2025-05-14,2025-05-15 a 2025-07-10,2025-07-10,0
BIMBOA.MX_xgb,train,0.6949,0.8803,0.9383,0.0111,0.9726,0.9726,2025-07-12T04:27:15.900613+00:00,2024-05-23 a 2025-07-10,2024-05-23 a 2025-05-14,2025-05-15 a 2025-07-10,2025-07-10,1
BIMBOA.MX_xgb,test,0.6068,0.7529,0.8677,0.0114,0.7998,0.8269,2025-07-12T04:27:15.900613+00:00,2024-05-23 a 2025-07-10,2024-05-23 a 2025-05-14,2025-05-15 a 2025-07-10,2025-07-10,1
BIMBOA.MX_lgbm,train,0.5978,0.6581,0.8113,0.0096,0.9795,0.9795,2025-07-12T04:27:15.900613+00:00,2024-05-23 a 2025-07-10,2024-05-23 a 2025-05-14,2025-05-15 a 2025-07-10,2025-07-10,0
BIMBOA.MX_lgbm,test,0.5386,0.5882,0.7669,0.0102,0.8436,0.8564,2025-07-12T04:27:15.900613+00:00,2024-05-23 a 2025-07-10,2024-05-23 a 2025-05-14,2025-05-15 a 2025-07-10,2025-07-10,0
BIMBOA.MX_lgbm,train,0.7565,1.105,1.0512,0.0121,0.9656,0.9656,2025-07-12T04:27:15.900613+00:00,2024-05-23 a 2025-07-10,2024-05-23 a 2025-05-14,2025-05-15 a 2025-07-10,2025-07-10,1
BIMBOA.MX_lgbm,test,0.5091,0.5274,0.7262,0.0096,0.8597,0.884,2025-07-12T04:27:15.900613+00:00,2024-05-23 a 2025-07-10,2024-05-23 a 2025-05-14,2025-05-15 a 2025-07-10,2025-07-10,1
BIMBOA.MX_arima,train,0.9174,1.6171,1.2717,0.0147,0.9496,0.9496,2025-07-12T04:27:15.900613+00:00,2024-05-23 a 2025-07-10,2024-05-23 a 2025-05-14,2025-05-15 a 2025-07-10,2025-07-10,0
BIMBOA.MX_arima,test,0.5121,0.5458,0.7388,0.0097,0.8548,0.8586,2025-07-12T04:27:15.900613+00:00,2024-05-23 a 2025-07-10,2024-05-23 a 2025-05-14,2025-05-15 a 2025-07-10,2025-07-10,0
CEMEXCPO.MX_linreg,train,0.1733,0.0537,0.2318,0.0147,0.8958,0.8958,2025-07-12T04:27:15.900613+00:00,2024-05-23 a 2025-07-10,2024-05-23 a 2025-05-14,2025-05-15 a 2025-07-10,2025-07-10,0
CEMEXCPO.MX_linreg,test,0.3341,0.158,0.3974,0.025,-0.516,0.4541,2025-07-12T04:27:15.900613+00:00,2024-05-23 a 2025-07-10,2024-05-23 a 2025-05-14,2025-05-15 a 2025-07-10,2025-07-10,0
CEMEXCPO.MX_linreg,train,0.1872,0.0675,0.2599,0.0158,0.869,0.869,2025-07-12T04:27:15.900613+00:00,2024-05-23 a 2025-07-10,2024-05-23 a 2025-05-14,2025-05-15 a 2025-07-10,2025-07-10,1
CEMEXCPO.MX_linreg,test,0.1323,0.0289,0.1701,0.0099,0.7224,0.7556,2025-07-12T04:27:15.900613+00:00,2024-05-23 a 2025-07-10,2024-05-23 a 2025-05-14,2025-05-15 a 2025-07-10,2025-07-10,1
CEMEXCPO.MX_rf,train,0.1679,0.0513,0.2265,0.0142,0.9005,0.9005,2025-07-12T04:27:15.900613+00:00,2024-05-23 a 2025-07-10,2024-05-23 a 2025-05-14,2025-05-15 a 2025-07-10,2025-07-10,0
CEMEXCPO.MX_rf,test,0.1443,0.0335,0.1831,0.0109,0.6784,0.7191,2025-07-12T04:27:15.900613+00:00,2024-05-23 a 2025-07-10,2024-05-23 a 2025-05-14,2025-05-15 a 2025-07-10,2025-07-10,0
CEMEXCPO.MX_rf,train,0.1707,0.0523,0.2286,0.0145,0.8986,0.8986,2025-07-12T04:27:15.900613+00:00,2024-05-23 a 2025-07-10,2024-05-23 a 2025-05-14,2025-05-15 a 2025-07-10,2025-07-10,1
CEMEXCPO.MX_rf,test,0.1352,0.0315,0.1776,0.0102,0.6972,0.7221,2025-07-12T04:27:15.900613+00:00,2024-05-23 a 2025-07-10,2024-05-23 a 2025-05-14,2025-05-15 a 2025-07-10,2025-07-10,1
CEMEXCPO.MX_xgb,train,0.0728,0.0097,0.0986,0.0062,0.9811,0.9811,2025-07-12T04:27:15.900613+00:00,2024-05-23 a 2025-07-10,2024-05-23 a 2025-05-14,2025-05-15 a 2025-07-10,2025-07-10,0
CEMEXCPO.MX_xgb,test,0.1887,0.0601,0.2451,0.0141,0.4236,0.553,2025-07-12T04:27:15.900613+00:00,2024-05-23 a 2025-07-10,2024-05-23 a 2025-05-14,2025-05-15 a 2025-07-10,2025-07-10,0
CEMEXCPO.MX_xgb,train,0.1407,0.0356,0.1886,0.0119,0.931,0.931,2025-07-12T04:27:15.900613+00:00,2024-05-23 a 2025-07-10,2024-05-23 a 2025-05-14,2025-05-15 a 2025-07-10,2025-07-10,1
CEMEXCPO.MX_xgb,test,0.1451,0.0336,0.1832,0.0109,0.6779,0.7043,2025-07-12T04:27:15.900613+00:00,2024-05-23 a 2025-07-10,2024-05-23 a 2025-05-14,2025-05-15 a 2025-07-10,2025-07-10,1
CEMEXCPO.MX_lgbm,train,0.1182,0.0267,0.1634,0.01,0.9482,0.9482,2025-07-12T04:27:15.900613+00:00,2024-05-23 a 2025-07-10,2024-05-23 a 2025-05-14,2025-05-15 a 2025-07-10,2025-07-10,0
CEMEXCPO.MX_lgbm,test,0.177,0.0495,0.2224,0.0133,0.5254,0.6088,2025-07-12T04:27:15.900613+00:00,2024-05-23 a 2025-07-10,2024-05-23 a 2025-05-14,2025-05-15 a 2025-07-10,2025-07-10,0
CEMEXCPO.MX_lgbm,train,0.1627,0.0517,0.2273,0.0138,0.8998,0.8998,2025-07-12T04:27:15.900613+00:00,2024-05-23 a 2025-07-10,2024-05-23 a 2025-05-14,2025-05-15 a 2025-07-10,2025-07-10,1
CEMEXCPO.MX_lgbm,test,0.1331,0.0295,0.1717,0.01,0.7171,0.7185,2025-07-12T04:27:15.900613+00:00,2024-05-23 a 2025-07-10,2024-05-23 a 2025-05-14,2025-05-15 a 2025-07-10,2025-07-10,1
CEMEXCPO.MX_lstm,train,0.5247,0.3346,0.5784,0.0446,0.3509,0.8443,2025-07-12T04:27:15.900613+00:00,2024-05-23 a 2025-07-10,2024-05-23 a 2025-05-14,2025-05-15 a 2025-07-10,2025-07-10,0
CEMEXCPO.MX_lstm,test,0.4955,0.2766,0.526,0.0374,-1.6549,0.7016,2025-07-12T04:27:15.900613+00:00,2024-05-23 a 2025-07-10,2024-05-23 a 2025-05-14,2025-05-15 a 2025-07-10,2025-07-10,0
CEMEXCPO.MX_arima,train,0.1993,0.0754,0.2745,0.0169,0.8538,0.8538,2025-07-12T04:27:15.900613+00:00,2024-05-23 a 2025-07-10,2024-05-23 a 2025-05-14,2025-05-15 a 2025-07-10,2025-07-10,0
CEMEXCPO.MX_arima,test,0.1309,0.0294,0.1713,0.0099,0.7182,0.7184,2025-07-12T04:27:15.900613+00:00,2024-05-23 a 2025-07-10,2024-05-23 a 2025-05-14,2025-05-15 a 2025-07-10,2025-07-10,0
EEM_linreg,train,0.2992,0.154,0.3924,0.0069,0.9254,0.9254,2025-07-12T04:27:15.900613+00:00,2024-05-23 a 2025-07-10,2024-05-23 a 2025-05-14,2025-05-15 a 2025-07-10,2025-07-10,0
EEM_linreg,test,0.4553,0.3491,0.5908,0.0096,0.6191,0.7174,2025-07-12T04:27:15.900613+00:00,2024-05-23 a 2025-07-10,2024-05-23 a 2025-05-14,2025-05-15 a 2025-07-10,2025-07-10,0
EEM_linreg,train,0.3149,0.1818,0.4264,0.0073,0.9119,0.9119,2025-07-12T04:27:15.900613+00:00,2024-05-23 a 2025-07-10,2024-05-23 a 2025-05-14,2025-05-15 a 2025-07-10,2025-07-10,1
EEM_linreg,test,0.3202,0.1616,0.402,0.0067,0.8237,0.8672,2025-07-12T04:27:15.900613+00:00,2024-05-23 a 2025-07-10,2024-05-23 a 2025-05-14,2025-05-15 a 2025-07-10,2025-07-10,1
EEM_rf,train,0.3235,0.1975,0.4444,0.0075,0.9043,0.9043,2025-07-12T04:27:15.900613+00:00,2024-05-23 a 2025-07-10,2024-05-23 a 2025-05-14,2025-05-15 a 2025-07-10,2025-07-10,0
EEM_rf,test,0.2919,0.145,0.3808,0.0062,0.8418,0.8612,2025-07-12T04:27:15.900613+00:00,2024-05-23 a 2025-07-10,2024-05-23 a 2025-05-14,2025-05-15 a 2025-07-10,2025-07-10,0
EEM_rf,train,0.3319,0.1932,0.4395,0.0077,0.9064,0.9064,2025-07-12T04:27:15.900613+00:00,2024-05-23 a 2025-07-10,2024-05-23 a 2025-05-14,2025-05-15 a 2025-07-10,2025-07-10,1
EEM_rf,test,0.2936,0.1446,0.3803,0.0062,0.8422,0.8586,2025-07-12T04:27:15.900613+00:00,2024-05-23 a 2025-07-10,2024-05-23 a 2025-05-14,2025-05-15 a 2025-07-10,2025-07-10,1
EEM_xgb,train,0.1992,0.0721,0.2685,0.0046,0.9651,0.9651,2025-07-12T04:27:15.900613+00:00,2024-05-23 a 2025-07-10,2024-05-23 a 2025-05-14,2025-05-15 a 2025-07-10,2025-07-10,0
EEM_xgb,test,0.3563,0.1909,0.4369,0.0075,0.7917,0.8554,2025-07-12T04:27:15.900613+00:00,2024-05-23 a 2025-07-10,2024-05-23 a 2025-05-14,2025-05-15 a 2025-07-10,2025-07-10,0
EEM_xgb,train,0.2071,0.074,0.272,0.0048,0.9641,0.9641,2025-07-12T04:27:15.900613+00:00,2024-05-23 a 2025-07-10,2024-05-23 a 2025-05-14,2025-05-15 a 2025-07-10,2025-07-10,1
EEM_xgb,test,0.4447,0.2921,0.5404,0.0094,0.6813,0.8224,2025-07-12T04:27:15.900613+00:00,2024-05-23 a 2025-07-10,2024-05-23 a 2025-05-14,2025-05-15 a 2025-07-10,2025-07-10,1
EEM_lgbm,train,0.2302,0.1019,0.3192,0.0053,0.9506,0.9506,2025-07-12T04:27:15.900613+00:00,2024-05-23 a 2025-07-10,2024-05-23 a 2025-05-14,2025-05-15 a 2025-07-10,2025-07-10,0
EEM_lgbm,test,0.3544,0.1888,0.4345,0.0075,0.794,0.8274,2025-07-12T04:27:15.900613+00:00,2024-05-23 a 2025-07-10,2024-05-23 a 2025-05-14,2025-05-15 a 2025-07-10,2025-07-10,0
EEM_lgbm,train,0.2953,0.1714,0.414,0.0068,0.917,0.917,2025-07-12T04:27:15.900613+00:00,2024-05-23 a 2025-07-10,2024-05-23 a 2025-05-14,2025-05-15 a 2025-07-10,2025-07-10,1
EEM_lgbm,test,0.2845,0.1336,0.3655,0.006,0.8542,0.8701,2025-07-12T04:27:15.900613+00:00,2024-05-23 a 2025-07-10,2024-05-23 a 2025-05-14,2025-05-15 a 2025-07-10,2025-07-10,1
EEM_lstm,train,0.4915,0.4618,0.6796,0.0114,0.7762,0.8025,2025-07-12T04:27:15.900613+00:00,2024-05-23 a 2025-07-10,2024-05-23 a 2025-05-14,2025-05-15 a 2025-07-10,2025-07-10,0
EEM_lstm,test,0.441,0.326,0.571,0.0094,0.6443,0.7156,2025-07-12T04:27:15.900613+00:00,2024-05-23 a 2025-07-10,2024-05-23 a 2025-05-14,2025-05-15 a 2025-07-10,2025-07-10,0
EEM_arima,train,0.3766,0.28,0.5292,0.0087,0.8643,0.8643,2025-07-12T04:27:15.900613+00:00,2024-05-23 a 2025-07-10,2024-05-23 a 2025-05-14,2025-05-15 a 2025-07-10,2025-07-10,0
EEM_arima,test,0.2597,0.1257,0.3545,0.0055,0.8629,0.8644,2025-07-12T04:27:15.900613+00:00,2024-05-23 a 2025-07-10,2024-05-23 a 2025-05-14,2025-05-15 a 2025-07-10,2025-07-10,0
GFNORTEO.MX_linreg,train,1.8478,6.0349,2.4566,0.0127,0.9095,0.9095,2025-07-12T04:27:15.900613+00:00,2024-05-23 a 2025-07-10,2024-05-23 a 2025-05-14,2025-05-15 a 2025-07-10,2025-07-10,0
GFNORTEO.MX_linreg,test,2.6742,11.0146,3.3188,0.0156,-0.435,0.1478,2025-07-12T04:27:15.900613+00:00,2024-05-23 a 2025-07-10,2024-05-23 a 2025-05-14,2025-05-15 a 2025-07-10,2025-07-10,0
GFNORTEO.MX_linreg,train,1.9661,6.8558,2.6184,0.0135,0.8971,0.8971,2025-07-12T04:27:15.900613+00:00,2024-05-23 a 2025-07-10,2024-05-23 a 2025-05-14,2025-05-15 a 2025-07-10,2025-07-10,1
GFNORTEO.MX_linreg,test,3.9124,22.4848,4.7418,0.0227,-1.9293,-0.6127,2025-07-12T04:27:15.900613+00:00,2024-05-23 a 2025-07-10,2024-05-23 a 2025-05-14,2025-05-15 a 2025-07-10,2025-07-10,1
GFNORTEO.MX_rf,train,2.1045,8.0134,2.8308,0.0144,0.8798,0.8798,2025-07-12T04:27:15.900613+00:00,2024-05-23 a 2025-07-10,2024-05-23 a 2025-05-14,2025-05-15 a 2025-07-10,2025-07-10,0
GFNORTEO.MX_rf,test,1.8714,5.4859,2.3422,0.0109,0.2853,0.308,2025-07-12T04:27:15.900613+00:00,2024-05-23 a 2025-07-10,2024-05-23 a 2025-05-14,2025-05-15 a 2025-07-10,2025-07-10,0
GFNORTEO.MX_rf,train,2.1726,7.8102,2.7947,0.0149,0.8828,0.8828,2025-07-12T04:27:15.900613+00:00,2024-05-23 a 2025-07-10,2024-05-23 a 2025-05-14,2025-05-15 a 2025-07-10,2025-07-10,1
GFNORTEO.MX_rf,test,2.1467,9.335,3.0553,0.0125,-0.2162,-0.2148,2025-07-12T04:27:15.900613+00:00,2024-05-23 a 2025-07-10,2024-05-23 a 2025-05-14,2025-05-15 a 2025-07-10,2025-07-10,1
GFNORTEO.MX_xgb,train,0.9508,1.6205,1.273,0.0065,0.9757,0.9757,2025-07-12T04:27:15.900613+00:00,2024-05-23 a 2025-07-10,2024-05-23 a 2025-05-14,2025-05-15 a 2025-07-10,2025-07-10,0
GFNORTEO.MX_xgb,test,2.4406,9.3722,3.0614,0.0141,-0.221,-0.0455,2025-07-12T04:27:15.900613+00:00,2024-05-23 a 2025-07-10,2024-05-23 a 2025-05-14,2025-05-15 a 2025-07-10,2025-07-10,0
GFNORTEO.MX_xgb,train,1.9494,6.3561,2.5211,0.0134,0.9046,0.9046,2025-07-12T04:27:15.900613+00:00,2024-05-23 a 2025-07-10,2024-05-23 a 2025-05-14,2025-05-15 a 2025-07-10,2025-07-10,1
GFNORTEO.MX_xgb,test,2.2653,9.2338,3.0387,0.0132,-0.203,-0.1937,2025-07-12T04:27:15.900613+00:00,2024-05-23 a 2025-07-10,2024-05-23 a 2025-05-14,2025-05-15 a 2025-07-10,2025-07-10,1
GFNORTEO.MX_lgbm,train,1.5452,4.3689,2.0902,0.0106,0.9345,0.9345,2025-07-12T04:27:15.900613+00:00,2024-05-23 a 2025-07-10,2024-05-23 a 2025-05-14,2025-05-15 a 2025-07-10,2025-07-10,0
GFNORTEO.MX_lgbm,test,1.9253,5.8183,2.4121,0.0112,0.242,0.2428,2025-07-12T04:27:15.900613+00:00,2024-05-23 a 2025-07-10,2024-05-23 a 2025-05-14,2025-05-15 a 2025-07-10,2025-07-10,0
GFNORTEO.MX_lgbm,train,1.9803,7.2822,2.6986,0.0136,0.8907,0.8907,2025-07-12T04:27:15.900613+00:00,2024-05-23 a 2025-07-10,2024-05-23 a 2025-05-14,2025-05-15 a 2025-07-10,2025-07-10,1
GFNORTEO.MX_lgbm,test,1.8185,5.3605,2.3153,0.0106,0.3016,0.3027,2025-07-12T04:27:15.900613+00:00,2024-05-23 a 2025-07-10,2024-05-23 a 2025-05-14,2025-05-15 a 2025-07-10,2025-07-10,1
GFNORTEO.MX_lstm,train,2.4239,11.1125,3.3335,0.0166,0.8333,0.8335,2025-07-12T04:27:15.900613+00:00,2024-05-23 a 2025-07-10,2024-05-23 a 2025-05-14,2025-05-15 a 2025-07-10,2025-07-10,0
GFNORTEO.MX_lstm,test,1.8226,5.2311,2.2872,0.0106,0.3185,0.3235,2025-07-12T04:27:15.900613+00:00,2024-05-23 a 2025-07-10,2024-05-23 a 2025-05-14,2025-05-15 a 2025-07-10,2025-07-10,0
GFNORTEO.MX_arima,train,2.4143,11.0211,3.3198,0.0165,0.8346,0.8346,2025-07-12T04:27:15.900613+00:00,2024-05-23 a 2025-07-10,2024-05-23 a 2025-05-14,2025-05-15 a 2025-07-10,2025-07-10,0
GFNORTEO.MX_arima,test,1.747,4.839,2.1998,0.0102,0.3696,0.3799,2025-07-12T04:27:15.900613+00:00,2024-05-23 a 2025-07-10,2024-05-23 a 2025-05-14,2025-05-15 a 2025-07-10,2025-07-10,0
GLD_linreg,train,1.7541,4.8342,2.1987,0.0069,0.9928,0.9928,2025-07-12T04:27:15.900613+00:00,2024-05-23 a 2025-07-10,2024-05-23 a 2025-05-14,2025-05-15 a 2025-07-10,2025-07-10,0
GLD_linreg,test,4.9031,36.5187,6.0431,0.016,-1.2455,-0.1705,2025-07-12T04:27:15.900613+00:00,2024-05-23 a 2025-07-10,2024-05-23 a 2025-05-14,2025-05-15 a 2025-07-10,2025-07-10,0
GLD_linreg,train,1.9431,5.9842,2.4463,0.0077,0.9911,0.9911,2025-07-12T04:27:15.900613+00:00,2024-05-23 a 2025-07-10,2024-05-23 a 2025-05-14,2025-05-15 a 2025-07-10,2025-07-10,1
GLD_linreg,test,3.0635,17.7881,4.2176,0.01,-0.0938,0.1113,2025-07-12T04:27:15.900613+00:00,2024-05-23 a 2025-07-10,2024-05-23 a 2025-05-14,2025-05-15 a 2025-07-10,2025-07-10,1
GLD_rf,train,1.8449,5.6996,2.3874,0.0073,0.9915,0.9915,2025-07-12T04:27:15.900613+00:00,2024-05-23 a 2025-07-10,2024-05-23 a 2025-05-14,2025-05-15 a 2025-07-10,2025-07-10,0
GLD_rf,test,3.2266,15.1642,3.8941,0.0105,0.0676,0.3298,2025-07-12T04:27:15.900613+00:00,2024-05-23 a 2025-07-10,2024-05-23 a 2025-05-14,2025-05-15 a 2025-07-10,2025-07-10,0
GLD_rf,train,1.8408,5.7118,2.3899,0.0073,0.9915,0.9915,2025-07-12T04:27:15.900613+00:00,2024-05-23 a 2025-07-10,2024-05-23 a 2025-05-14,2025-05-15 a 2025-07-10,2025-07-10,1
GLD_rf,test,3.4731,18.028,4.2459,0.0113,-0.1085,0.3317,2025-07-12T04:27:15.900613+00:00,2024-05-23 a 2025-07-10,2024-05-23 a 2025-05-14,2025-05-15 a 2025-07-10,2025-07-10,1
GLD_xgb,train,1.192,2.374,1.5408,0.0048,0.9965,0.9965,2025-07-12T04:27:15.900613+00:00,2024-05-23 a 2025-07-10,2024-05-23 a 2025-05-14,2025-05-15 a 2025-07-10,2025-07-10,0
GLD_xgb,test,3.6685,18.8652,4.3434,0.0119,-0.16,0.2906,2025-07-12T04:27:15.900613+00:00,2024-05-23 a 2025-07-10,2024-05-23 a 2025-05-14,2025-05-15 a 2025-07-10,2025-07-10,0
GLD_xgb,train,1.6355,4.4418,2.1076,0.0065,0.9934,0.9934,2025-07-12T04:27:15.900613+00:00,2024-05-23 a 2025-07-10,2024-05-23 a 2025-05-14,2025-05-15 a 2025-07-10,2025-07-10,1
GLD_xgb,test,3.2327,15.5998,3.9497,0.0105,0.0408,0.3518,2025-07-12T04:27:15.900613+00:00,2024-05-23 a 2025-07-10,2024-05-23 a 2025-05-14,2025-05-15 a 2025-07-10,2025-07-10,1
GLD_lgbm,train,1.4591,3.6655,1.9145,0.0058,0.9946,0.9946,2025-07-12T04:27:15.900613+00:00,2024-05-23 a 2025-07-10,2024-05-23 a 2025-05-14,2025-05-15 a 2025-07-10,2025-07-10,0
GLD_lgbm,test,2.4349,10.3017,3.2096,0.0079,0.3666,0.3753,2025-07-12T04:27:15.900613+00:00,2024-05-23 a 2025-07-10,2024-05-23 a 2025-05-14,2025-05-15 a 2025-07-10,2025-07-10,0
GLD_lgbm,train,1.7238,5.286,2.2991,0.0068,0.9922,0.9922,2025-07-12T04:27:15.900613+00:00,2024-05-23 a 2025-07-10,2024-05-23 a 2025-05-14,2025-05-15 a 2025-07-10,2025-07-10,1
GLD_lgbm,test,2.5709,10.6611,3.2651,0.0084,0.3445,0.3607,2025-07-12T04:27:15.900613+00:00,2024-05-23 a 2025-07-10,2024-05-23 a 2025-05-14,2025-05-15 a 2025-07-10,2025-07-10,1
GLD_lstm,train,2.1628,8.6378,2.939,0.0085,0.9872,0.9872,2025-07-12T04:27:15.900613+00:00,2024-05-23 a 2025-07-10,2024-05-23 a 2025-05-14,2025-05-15 a 2025-07-10,2025-07-10,0
GLD_lstm,test,2.6495,10.7426,3.2776,0.0086,0.3394,0.3395,2025-07-12T04:27:15.900613+00:00,2024-05-23 a 2025-07-10,2024-05-23 a 2025-05-14,2025-05-15 a 2025-07-10,2025-07-10,0
GLD_arima,train,2.1571,8.6344,2.9384,0.0084,0.9872,0.9872,2025-07-12T04:27:15.900613+00:00,2024-05-23 a 2025-07-10,2024-05-23 a 2025-05-14,2025-05-15 a 2025-07-10,2025-07-10,0
GLD_arima,test,2.6529,10.7071,3.2722,0.0087,0.3416,0.3417,2025-07-12T04:27:15.900613+00:00,2024-05-23 a 2025-07-10,2024-05-23 a 2025-05-14,2025-05-15 a 2025-07-10,2025-07-10,0
IEF_linreg,train,0.2611,0.1165,0.3413,0.0028,0.9637,0.9637,2025-07-12T04:27:15.900613+00:00,2024-05-23 a 2025-07-10,2024-05-23 a 2025-05-14,2025-05-15 a 2025-07-10,2025-07-10,0
IEF_linreg,test,0.2977,0.1298,0.3603,0.0032,0.6554,0.6775,2025-07-12T04:27:15.900613+00:00,2024-05-23 a 2025-07-10,2024-05-23 a 2025-05-14,2025-05-15 a 2025-07-10,2025-07-10,0
IEF_linreg,train,0.2777,0.1292,0.3594,0.0029,0.9597,0.9597,2025-07-12T04:27:15.900613+00:00,2024-05-23 a 2025-07-10,2024-05-23 a 2025-05-14,2025-05-15 a 2025-07-10,2025-07-10,1
IEF_linreg,test,0.2998,0.1244,0.3527,0.0032,0.6697,0.6874,2025-07-12T04:27:15.900613+00:00,2024-05-23 a 2025-07-10,2024-05-23 a 2025-05-14,2025-05-15 a 2025-07-10,2025-07-10,1
IEF_rf,train,0.2597,0.1124,0.3352,0.0027,0.965,0.965,2025-07-12T04:27:15.900613+00:00,2024-05-23 a 2025-07-10,2024-05-23 a 2025-05-14,2025-05-15 a 2025-07-10,2025-07-10,0
IEF_rf,test,0.2849,0.1275,0.3571,0.003,0.6615,0.667,2025-07-12T04:27:15.900613+00:00,2024-05-23 a 2025-07-10,2024-05-23 a 2025-05-14,2025-05-15 a 2025-07-10,2025-07-10,0
IEF_rf,train,0.265,0.1106,0.3326,0.0028,0.9655,0.9655,2025-07-12T04:27:15.900613+00:00,2024-05-23 a 2025-07-10,2024-05-23 a 2025-05-14,2025-05-15 a 2025-07-10,2025-07-10,1
IEF_rf,test,0.2819,0.1199,0.3462,0.003,0.6818,0.6854,2025-07-12T04:27:15.900613+00:00,2024-05-23 a 2025-07-10,2024-05-23 a 2025-05-14,2025-05-15 a 2025-07-10,2025-07-10,1
IEF_xgb,train,0.1139,0.0219,0.1478,0.0012,0.9932,0.9932,2025-07-12T04:27:15.900613+00:00,2024-05-23 a 2025-07-10,2024-05-23 a 2025-05-14,2025-05-15 a 2025-07-10,2025-07-10,0
IEF_xgb,test,0.269,0.1213,0.3483,0.0029,0.6779,0.6783,2025-07-12T04:27:15.900613+00:00,2024-05-23 a 2025-07-10,2024-05-23 a 2025-05-14,2025-05-15 a 2025-07-10,2025-07-10,0
IEF_xgb,train,0.2166,0.0781,0.2794,0.0023,0.9757,0.9757,2025-07-12T04:27:15.900613+00:00,2024-05-23 a 2025-07-10,2024-05-23 a 2025-05-14,2025-05-15 a 2025-07-10,2025-07-10,1
IEF_xgb,test,0.2647,0.1148,0.3389,0.0028,0.6951,0.7062,2025-07-12T04:27:15.900613+00:00,2024-05-23 a 2025-07-10,2024-05-23 a 2025-05-14,2025-05-15 a 2025-07-10,2025-07-10,1
IEF_lgbm,train,0.197,0.0626,0.2502,0.0021,0.9805,0.9805,2025-07-12T04:27:15.900613+00:00,2024-05-23 a 2025-07-10,2024-05-23 a 2025-05-14,2025-05-15 a 2025-07-10,2025-07-10,0
IEF_lgbm,test,0.2826,0.1316,0.3627,0.003,0.6507,0.6536,2025-07-12T04:27:15.900613+00:00,2024-05-23 a 2025-07-10,2024-05-23 a 2025-05-14,2025-05-15 a 2025-07-10,2025-07-10,0
IEF_lgbm,train,0.256,0.1071,0.3273,0.0027,0.9666,0.9666,2025-07-12T04:27:15.900613+00:00,2024-05-23 a 2025-07-10,2024-05-23 a 2025-05-14,2025-05-15 a 2025-07-10,2025-07-10,1
IEF_lgbm,test,0.2607,0.1099,0.3315,0.0028,0.7082,0.7094,2025-07-12T04:27:15.900613+00:00,2024-05-23 a 2025-07-10,2024-05-23 a 2025-05-14,2025-05-15 a 2025-07-10,2025-07-10,1
IEF_lstm,train,0.4143,0.2593,0.5092,0.0044,0.9191,0.9493,2025-07-12T04:27:15.900613+00:00,2024-05-23 a 2025-07-10,2024-05-23 a 2025-05-14,2025-05-15 a 2025-07-10,2025-07-10,0
IEF_lstm,test,0.3963,0.2273,0.4768,0.0042,0.3965,0.6657,2025-07-12T04:27:15.900613+00:00,2024-05-23 a 2025-07-10,2024-05-23 a 2025-05-14,2025-05-15 a 2025-07-10,2025-07-10,0
IEF_arima,train,0.3111,0.1609,0.4011,0.0033,0.9498,0.9498,2025-07-12T04:27:15.900613+00:00,2024-05-23 a 2025-07-10,2024-05-23 a 2025-05-14,2025-05-15 a 2025-07-10,2025-07-10,0
IEF_arima,test,0.2867,0.1206,0.3473,0.003,0.6798,0.6801,2025-07-12T04:27:15.900613+00:00,2024-05-23 a 2025-07-10,2024-05-23 a 2025-05-14,2025-05-15 a 2025-07-10,2025-07-10,0
QQQ_linreg,train,4.1628,28.8581,5.372,0.0086,0.9565,0.9565,2025-07-12T04:27:15.900613+00:00,2024-05-23 a 2025-07-10,2024-05-23 a 2025-05-14,2025-05-15 a 2025-07-10,2025-07-10,0
QQQ_linreg,test,12.7188,247.2403,15.7239,0.0237,-0.3587,0.4343,2025-07-12T04:27:15.900613+00:00,2024-05-23 a 2025-07-10,2024-05-23 a 2025-05-14,2025-05-15 a 2025-07-10,2025-07-10,0
QQQ_linreg,train,4.4388,32.9335,5.7388,0.0091,0.9504,0.9504,2025-07-12T04:27:15.900613+00:00,2024-05-23 a 2025-07-10,2024-05-23 a 2025-05-14,2025-05-15 a 2025-07-10,2025-07-10,1
QQQ_linreg,test,16.0354,314.3075,17.7287,0.0299,-0.7273,0.6858,2025-07-12T04:27:15.900613+00:00,2024-05-23 a 2025-07-10,2024-05-23 a 2025-05-14,2025-05-15 a 2025-07-10,2025-07-10,1
QQQ_rf,train,4.5624,41.885,6.4719,0.0094,0.9369,0.9369,2025-07-12T04:27:15.900613+00:00,2024-05-23 a 2025-07-10,2024-05-23 a 2025-05-14,2025-05-15 a 2025-07-10,2025-07-10,0
QQQ_rf,test,4.5613,32.032,5.6597,0.0085,0.824,0.8815,2025-07-12T04:27:15.900613+00:00,2024-05-23 a 2025-07-10,2024-05-23 a 2025-05-14,2025-05-15 a 2025-07-10,2025-07-10,0
QQQ_rf,train,4.6925,40.3076,6.3488,0.0097,0.9393,0.9393,2025-07-12T04:27:15.900613+00:00,2024-05-23 a 2025-07-10,2024-05-23 a 2025-05-14,2025-05-15 a 2025-07-10,2025-07-10,1
QQQ_rf,test,4.0677,24.6544,4.9653,0.0076,0.8645,0.8876,2025-07-12T04:27:15.900613+00:00,2024-05-23 a 2025-07-10,2024-05-23 a 2025-05-14,2025-05-15 a 2025-07-10,2025-07-10,1
QQQ_xgb,train,3.1497,18.2459,4.2715,0.0065,0.9725,0.9725,2025-07-12T04:27:15.900613+00:00,2024-05-23 a 2025-07-10,2024-05-23 a 2025-05-14,2025-05-15 a 2025-07-10,2025-07-10,0
QQQ_xgb,test,5.3418,43.5749,6.6011,0.0099,0.7605,0.8628,2025-07-12T04:27:15.900613+00:00,2024-05-23 a 2025-07-10,2024-05-23 a 2025-05-14,2025-05-15 a 2025-07-10,2025-07-10,0
QQQ_xgb,train,4.1711,30.7414,5.5445,0.0086,0.9537,0.9537,2025-07-12T04:27:15.900613+00:00,2024-05-23 a 2025-07-10,2024-05-23 a 2025-05-14,2025-05-15 a 2025-07-10,2025-07-10,1
QQQ_xgb,test,3.4381,18.4379,4.2939,0.0064,0.8987,0.9063,2025-07-12T04:27:15.900613+00:00,2024-05-23 a 2025-07-10,2024-05-23 a 2025-05-14,2025-05-15 a 2025-07-10,2025-07-10,1
QQQ_lgbm,train,3.5061,24.6232,4.9622,0.0072,0.9629,0.9629,2025-07-12T04:27:15.900613+00:00,2024-05-23 a 2025-07-10,2024-05-23 a 2025-05-14,2025-05-15 a 2025-07-10,2025-07-10,0
QQQ_lgbm,test,4.3283,27.8709,5.2793,0.0081,0.8468,0.8703,2025-07-12T04:27:15.900613+00:00,2024-05-23 a 2025-07-10,2024-05-23 a 2025-05-14,2025-05-15 a 2025-07-10,2025-07-10,0
QQQ_lgbm,train,4.3143,37.6064,6.1324,0.0089,0.9433,0.9433,2025-07-12T04:27:15.900613+00:00,2024-05-23 a 2025-07-10,2024-05-23 a 2025-05-14,2025-05-15 a 2025-07-10,2025-07-10,1
QQQ_lgbm,test,3.2275,16.3391,4.0422,0.0061,0.9102,0.9207,2025-07-12T04:27:15.900613+00:00,2024-05-23 a 2025-07-10,2024-05-23 a 2025-05-14,2025-05-15 a 2025-07-10,2025-07-10,1
QQQ_lstm,train,5.2492,57.797,7.6024,0.0109,0.9129,0.9132,2025-07-12T04:27:15.900613+00:00,2024-05-23 a 2025-07-10,2024-05-23 a 2025-05-14,2025-05-15 a 2025-07-10,2025-07-10,0
QQQ_lstm,test,3.5272,19.067,4.3666,0.0066,0.8952,0.9013,2025-07-12T04:27:15.900613+00:00,2024-05-23 a 2025-07-10,2024-05-23 a 2025-05-14,2025-05-15 a 2025-07-10,2025-07-10,0
QQQ_arima,train,5.188,57.2511,7.5664,0.0108,0.9137,0.9137,2025-07-12T04:27:15.900613+00:00,2024-05-23 a 2025-07-10,2024-05-23 a 2025-05-14,2025-05-15 a 2025-07-10,2025-07-10,0
QQQ_arima,test,3.2544,17.3565,4.1661,0.0061,0.9046,0.9073,2025-07-12T04:27:15.900613+00:00,2024-05-23 a 2025-07-10,2024-05-23 a 2025-05-14,2025-05-15 a 2025-07-10,2025-07-10,0
SPY_linreg,train,3.8328,25.3053,5.0304,0.0068,0.9613,0.9613,2025-07-12T04:27:15.900613+00:00,2024-05-23 a 2025-07-10,2024-05-23 a 2025-05-14,2025-05-15 a 2025-07-10,2025-07-10,0
SPY_linreg,test,6.3095,58.5436,7.6514,0.0104,0.6493,0.6855,2025-07-12T04:27:15.900613+00:00,2024-05-23 a 2025-07-10,2024-05-23 a 2025-05-14,2025-05-15 a 2025-07-10,2025-07-10,0
SPY_linreg,train,4.051,28.6608,5.3536,0.0072,0.9562,0.9562,2025-07-12T04:27:15.900613+00:00,2024-05-23 a 2025-07-10,2024-05-23 a 2025-05-14,2025-05-15 a 2025-07-10,2025-07-10,1
SPY_linreg,test,4.5154,33.0654,5.7503,0.0075,0.8019,0.841,2025-07-12T04:27:15.900613+00:00,2024-05-23 a 2025-07-10,2024-05-23 a 2025-05-14,2025-05-15 a 2025-07-10,2025-07-10,1
SPY_rf,train,3.9583,35.4172,5.9512,0.007,0.9459,0.9459,2025-07-12T04:27:15.900613+00:00,2024-05-23 a 2025-07-10,2024-05-23 a 2025-05-14,2025-05-15 a 2025-07-10,2025-07-10,0
SPY_rf,test,3.6703,20.7679,4.5572,0.0061,0.8756,0.8835,2025-07-12T04:27:15.900613+00:00,2024-05-23 a 2025-07-10,2024-05-23 a 2025-05-14,2025-05-15 a 2025-07-10,2025-07-10,0
SPY_rf,train,4.1081,34.8017,5.8993,0.0073,0.9468,0.9468,2025-07-12T04:27:15.900613+00:00,2024-05-23 a 2025-07-10,2024-05-23 a 2025-05-14,2025-05-15 a 2025-07-10,2025-07-10,1
SPY_rf,test,3.5175,20.6525,4.5445,0.0059,0.8763,0.8791,2025-07-12T04:27:15.900613+00:00,2024-05-23 a 2025-07-10,2024-05-23 a 2025-05-14,2025-05-15 a 2025-07-10,2025-07-10,1
SPY_xgb,train,2.3973,12.0397,3.4698,0.0043,0.9816,0.9816,2025-07-12T04:27:15.900613+00:00,2024-05-23 a 2025-07-10,2024-05-23 a 2025-05-14,2025-05-15 a 2025-07-10,2025-07-10,0
SPY_xgb,test,3.7134,20.5085,4.5286,0.0062,0.8771,0.8834,2025-07-12T04:27:15.900613+00:00,2024-05-23 a 2025-07-10,2024-05-23 a 2025-05-14,2025-05-15 a 2025-07-10,2025-07-10,0
SPY_xgb,train,3.7359,26.5626,5.1539,0.0066,0.9594,0.9594,2025-07-12T04:27:15.900613+00:00,2024-05-23 a 2025-07-10,2024-05-23 a 2025-05-14,2025-05-15 a 2025-07-10,2025-07-10,1
SPY_xgb,test,3.3819,18.6002,4.3128,0.0056,0.8886,0.8955,2025-07-12T04:27:15.900613+00:00,2024-05-23 a 2025-07-10,2024-05-23 a 2025-05-14,2025-05-15 a 2025-07-10,2025-07-10,1
SPY_lgbm,train,3.1121,22.5482,4.7485,0.0055,0.9656,0.9656,2025-07-12T04:27:15.900613+00:00,2024-05-23 a 2025-07-10,2024-05-23 a 2025-05-14,2025-05-15 a 2025-07-10,2025-07-10,0
SPY_lgbm,test,3.725,21.9812,4.6884,0.0062,0.8683,0.8751,2025-07-12T04:27:15.900613+00:00,2024-05-23 a 2025-07-10,2024-05-23 a 2025-05-14,2025-05-15 a 2025-07-10,2025-07-10,0
SPY_lgbm,train,3.8009,33.8683,5.8196,0.0068,0.9483,0.9483,2025-07-12T04:27:15.900613+00:00,2024-05-23 a 2025-07-10,2024-05-23 a 2025-05-14,2025-05-15 a 2025-07-10,2025-07-10,1
SPY_lgbm,test,3.1917,16.8204,4.1013,0.0053,0.8992,0.8996,2025-07-12T04:27:15.900613+00:00,2024-05-23 a 2025-07-10,2024-05-23 a 2025-05-14,2025-05-15 a 2025-07-10,2025-07-10,1
SPY_lstm,train,4.5429,48.7367,6.9812,0.0081,0.9255,0.9261,2025-07-12T04:27:15.900613+00:00,2024-05-23 a 2025-07-10,2024-05-23 a 2025-05-14,2025-05-15 a 2025-07-10,2025-07-10,0
SPY_lstm,test,3.535,19.5847,4.4255,0.0059,0.8827,0.8952,2025-07-12T04:27:15.900613+00:00,2024-05-23 a 2025-07-10,2024-05-23 a 2025-05-14,2025-05-15 a 2025-07-10,2025-07-10,0
SPY_arima,train,4.4709,48.6094,6.972,0.008,0.9257,0.9257,2025-07-12T04:27:15.900613+00:00,2024-05-23 a 2025-07-10,2024-05-23 a 2025-05-14,2025-05-15 a 2025-07-10,2025-07-10,0
SPY_arima,test,3.321,17.8653,4.2267,0.0055,0.893,0.8954,2025-07-12T04:27:15.900613+00:00,2024-05-23 a 2025-07-10,2024-05-23 a 2025-05-14,2025-05-15 a 2025-07-10,2025-07-10,0
VNQ_linreg,train,0.594,0.5971,0.7727,0.0066,0.9706,0.9706,2025-07-12T04:27:15.900613+00:00,2024-05-23 a 2025-07-10,2024-05-23 a 2025-05-14,2025-05-15 a 2025-07-10,2025-07-10,0
VNQ_linreg,test,1.1006,1.8752,1.3694,0.0123,-1.0636,-0.5294,2025-07-12T04:27:15.900613+00:00,2024-05-23 a 2025-07-10,2024-05-23 a 2025-05-14,2025-05-15 a 2025-07-10,2025-07-10,0
VNQ_linreg,train,0.6613,0.7424,0.8616,0.0073,0.9635,0.9635,2025-07-12T04:27:15.900613+00:00,2024-05-23 a 2025-07-10,2024-05-23 a 2025-05-14,2025-05-15 a 2025-07-10,2025-07-10,1
VNQ_linreg,test,0.8,0.9997,0.9999,0.0089,-0.1002,0.0801,2025-07-12T04:27:15.900613+00:00,2024-05-23 a 2025-07-10,2024-05-23 a 2025-05-14,2025-05-15 a 2025-07-10,2025-07-10,1
VNQ_rf,train,0.6156,0.678,0.8234,0.0068,0.9666,0.9666,2025-07-12T04:27:15.900613+00:00,2024-05-23 a 2025-07-10,2024-05-23 a 2025-05-14,2025-05-15 a 2025-07-10,2025-07-10,0
VNQ_rf,test,0.5207,0.572,0.7563,0.0058,0.3706,0.3749,2025-07-12T04:27:15.900613+00:00,2024-05-23 a 2025-07-10,2024-05-23 a 2025-05-14,2025-05-15 a 2025-07-10,2025-07-10,0
VNQ_rf,train,0.6688,0.74,0.8602,0.0074,0.9636,0.9636,2025-07-12T04:27:15.900613+00:00,2024-05-23 a 2025-07-10,2024-05-23 a 2025-05-14,2025-05-15 a 2025-07-10,2025-07-10,1
VNQ_rf,test,0.473,0.5425,0.7366,0.0053,0.403,0.4058,2025-07-12T04:27:15.900613+00:00,2024-05-23 a 2025-07-10,2024-05-23 a 2025-05-14,2025-05-15 a 2025-07-10,2025-07-10,1
VNQ_xgb,train,0.4201,0.3074,0.5544,0.0046,0.9849,0.9849,2025-07-12T04:27:15.900613+00:00,2024-05-23 a 2025-07-10,2024-05-23 a 2025-05-14,2025-05-15 a 2025-07-10,2025-07-10,0
VNQ_xgb,test,0.4861,0.5336,0.7305,0.0055,0.4128,0.4315,2025-07-12T04:27:15.900613+00:00,2024-05-23 a 2025-07-10,2024-05-23 a 2025-05-14,2025-05-15 a 2025-07-10,2025-07-10,0
VNQ_xgb,train,0.5772,0.5488,0.7408,0.0064,0.973,0.973,2025-07-12T04:27:15.900613+00:00,2024-05-23 a 2025-07-10,2024-05-23 a 2025-05-14,2025-05-15 a 2025-07-10,2025-07-10,1
VNQ_xgb,test,0.4895,0.5438,0.7375,0.0055,0.4015,0.4106,2025-07-12T04:27:15.900613+00:00,2024-05-23 a 2025-07-10,2024-05-23 a 2025-05-14,2025-05-15 a 2025-07-10,2025-07-10,1
VNQ_lgbm,train,0.4834,0.4347,0.6593,0.0054,0.9786,0.9786,2025-07-12T04:27:15.900613+00:00,2024-05-23 a 2025-07-10,2024-05-23 a 2025-05-14,2025-05-15 a 2025-07-10,2025-07-10,0
VNQ_lgbm,test,0.6151,0.6889,0.83,0.0069,0.2419,0.2422,2025-07-12T04:27:15.900613+00:00,2024-05-23 a 2025-07-10,2024-05-23 a 2025-05-14,2025-05-15 a 2025-07-10,2025-07-10,0
VNQ_lgbm,train,0.603,0.6882,0.8296,0.0067,0.9661,0.9661,2025-07-12T04:27:15.900613+00:00,2024-05-23 a 2025-07-10,2024-05-23 a 2025-05-14,2025-05-15 a 2025-07-10,2025-07-10,1
VNQ_lgbm,test,0.4904,0.4957,0.7041,0.0055,0.4545,0.4555,2025-07-12T04:27:15.900613+00:00,2024-05-23 a 2025-07-10,2024-05-23 a 2025-05-14,2025-05-15 a 2025-07-10,2025-07-10,1
VNQ_lstm,train,0.762,1.0849,1.0416,0.0085,0.9466,0.9489,2025-07-12T04:27:15.900613+00:00,2024-05-23 a 2025-07-10,2024-05-23 a 2025-05-14,2025-05-15 a 2025-07-10,2025-07-10,0
VNQ_lstm,test,0.5369,0.6343,0.7964,0.006,0.302,0.361,2025-07-12T04:27:15.900613+00:00,2024-05-23 a 2025-07-10,2024-05-23 a 2025-05-14,2025-05-15 a 2025-07-10,2025-07-10,0
VNQ_arima,train,0.7488,1.0328,1.0163,0.0083,0.9492,0.9492,2025-07-12T04:27:15.900613+00:00,2024-05-23 a 2025-07-10,2024-05-23 a 2025-05-14,2025-05-15 a 2025-07-10,2025-07-10,0
VNQ_arima,test,0.5227,0.5827,0.7633,0.0059,0.3588,0.3594,2025-07-12T04:27:15.900613+00:00,2024-05-23 a 2025-07-10,2024-05-23 a 2025-05-14,2025-05-15 a 2025-07-10,2025-07-10,0
WALMEX.MX_linreg,train,0.6777,0.7576,0.8704,0.0115,0.9364,0.9364,2025-07-12T04:27:15.900613+00:00,2024-05-23 a 2025-07-10,2024-05-23 a 2025-05-14,2025-05-15 a 2025-07-10,2025-07-10,0
WALMEX.MX_linreg,test,1.0991,1.6676,1.2913,0.0174,0.651,0.7118,2025-07-12T04:27:15.900613+00:00,2024-05-23 a 2025-07-10,2024-05-23 a 2025-05-14,2025-05-15 a 2025-07-10,2025-07-10,0
WALMEX.MX_linreg,train,0.7348,0.9774,0.9887,0.0125,0.918,0.918,2025-07-12T04:27:15.900613+00:00,2024-05-23 a 2025-07-10,2024-05-23 a 2025-05-14,2025-05-15 a 2025-07-10,2025-07-10,1
WALMEX.MX_linreg,test,0.6997,0.7983,0.8935,0.0111,0.8329,0.8363,2025-07-12T04:27:15.900613+00:00,2024-05-23 a 2025-07-10,2024-05-23 a 2025-05-14,2025-05-15 a 2025-07-10,2025-07-10,1
WALMEX.MX_rf,train,0.7081,0.8495,0.9217,0.012,0.9287,0.9287,2025-07-12T04:27:15.900613+00:00,2024-05-23 a 2025-07-10,2024-05-23 a 2025-05-14,2025-05-15 a 2025-07-10,2025-07-10,0
WALMEX.MX_rf,test,0.7733,0.8547,0.9245,0.0123,0.8211,0.8212,2025-07-12T04:27:15.900613+00:00,2024-05-23 a 2025-07-10,2024-05-23 a 2025-05-14,2025-05-15 a 2025-07-10,2025-07-10,0
WALMEX.MX_rf,train,0.7272,0.886,0.9413,0.0123,0.9256,0.9257,2025-07-12T04:27:15.900613+00:00,2024-05-23 a 2025-07-10,2024-05-23 a 2025-05-14,2025-05-15 a 2025-07-10,2025-07-10,1
WALMEX.MX_rf,test,0.6696,0.7474,0.8645,0.0107,0.8436,0.8458,2025-07-12T04:27:15.900613+00:00,2024-05-23 a 2025-07-10,2024-05-23 a 2025-05-14,2025-05-15 a 2025-07-10,2025-07-10,1
WALMEX.MX_xgb,train,0.4367,0.3116,0.5582,0.0074,0.9739,0.9739,2025-07-12T04:27:15.900613+00:00,2024-05-23 a 2025-07-10,2024-05-23 a 2025-05-14,2025-05-15 a 2025-07-10,2025-07-10,0
WALMEX.MX_xgb,test,0.8818,1.1037,1.0506,0.0141,0.769,0.7693,2025-07-12T04:27:15.900613+00:00,2024-05-23 a 2025-07-10,2024-05-23 a 2025-05-14,2025-05-15 a 2025-07-10,2025-07-10,0
WALMEX.MX_xgb,train,0.6637,0.722,0.8497,0.0113,0.9394,0.9394,2025-07-12T04:27:15.900613+00:00,2024-05-23 a 2025-07-10,2024-05-23 a 2025-05-14,2025-05-15 a 2025-07-10,2025-07-10,1
WALMEX.MX_xgb,test,0.715,0.9792,0.9895,0.0114,0.7951,0.796,2025-07-12T04:27:15.900613+00:00,2024-05-23 a 2025-07-10,2024-05-23 a 2025-05-14,2025-05-15 a 2025-07-10,2025-07-10,1
WALMEX.MX_lgbm,train,0.5096,0.4455,0.6675,0.0086,0.9626,0.9626,2025-07-12T04:27:15.900613+00:00,2024-05-23 a 2025-07-10,2024-05-23 a 2025-05-14,2025-05-15 a 2025-07-10,2025-07-10,0
WALMEX.MX_lgbm,test,0.8877,1.1173,1.057,0.0141,0.7662,0.7662,2025-07-12T04:27:15.900613+00:00,2024-05-23 a 2025-07-10,2024-05-23 a 2025-05-14,2025-05-15 a 2025-07-10,2025-07-10,0
WALMEX.MX_lgbm,train,0.702,0.8398,0.9164,0.0119,0.9295,0.9295,2025-07-12T04:27:15.900613+00:00,2024-05-23 a 2025-07-10,2024-05-23 a 2025-05-14,2025-05-15 a 2025-07-10,2025-07-10,1
WALMEX.MX_lgbm,test,0.7155,0.828,0.9099,0.0114,0.8267,0.837,2025-07-12T04:27:15.900613+00:00,2024-05-23 a 2025-07-10,2024-05-23 a 2025-05-14,2025-05-15 a 2025-07-10,2025-07-10,1
WALMEX.MX_lstm,train,1.0824,1.9231,1.3867,0.0184,0.8386,0.8771,2025-07-12T04:27:15.900613+00:00,2024-05-23 a 2025-07-10,2024-05-23 a 2025-05-14,2025-05-15 a 2025-07-10,2025-07-10,0
WALMEX.MX_lstm,test,1.1208,1.9176,1.3848,0.018,0.5987,0.8382,2025-07-12T04:27:15.900613+00:00,2024-05-23 a 2025-07-10,2024-05-23 a 2025-05-14,2025-05-15 a 2025-07-10,2025-07-10,0
WALMEX.MX_arima,train,0.8264,1.1906,1.0912,0.014,0.9001,0.9001,2025-07-12T04:27:15.900613+00:00,2024-05-23 a 2025-07-10,2024-05-23 a 2025-05-14,2025-05-15 a 2025-07-10,2025-07-10,0
WALMEX.MX_arima,test,0.6903,0.8145,0.9025,0.011,0.8296,0.8313,2025-07-12T04:27:15.900613+00:00,2024-05-23 a 2025-07-10,2024-05-23 a 2025-05-14,2025-05-15 a 2025-07-10,2025-07-10,0
