Date,Open,High,Low,Close,ticker
2025-04-22,520.1400146484375,529.2999877929688,519.1900024414062,527.25,SPY
2025-04-23,540.4299926757812,545.4299926757812,533.8800048828125,535.4199829101562,SPY
2025-04-24,536.719970703125,547.4299926757812,535.4500122070312,546.6900024414062,SPY
2025-04-25,546.6500244140625,551.0499877929688,543.6900024414062,550.6400146484375,SPY
2025-04-28,551.3900146484375,553.5499877929688,545.02001953125,550.8499755859375,SPY
2025-04-29,548.9099731445312,555.4500122070312,548.5499877929688,554.3200073242188,SPY
2025-04-30,547.5700073242188,556.52001953125,541.52001953125,554.5399780273438,SPY
2025-05-01,560.3699951171875,564.0700073242188,557.8599853515625,558.469970703125,SPY
2025-05-02,564.72998046875,568.3800048828125,562.3800048828125,566.760009765625,SPY
2025-05-05,562.5700073242188,566.6500244140625,561.7000122070312,563.510009765625,SPY
2025-05-06,557.9299926757812,563.3499755859375,556.9600219726562,558.7999877929688,SPY
2025-05-07,560.1500244140625,563.8200073242188,556.0399780273438,561.1500244140625,SPY
2025-05-08,565.239990234375,570.3099975585938,561.7000122070312,565.0599975585938,SPY
2025-05-09,566.47998046875,567.5,562.760009765625,564.3400268554688,SPY
2025-05-12,581.469970703125,583.0,577.0399780273438,582.989990234375,SPY
2025-05-13,583.4099731445312,589.0800170898438,582.8400268554688,586.8400268554688,SPY
2025-05-14,587.8099975585938,588.97998046875,585.5399780273438,587.5900268554688,SPY
2025-05-15,585.5599975585938,590.969970703125,585.0999755859375,590.4600219726562,SPY
2025-05-16,591.25,594.5,589.280029296875,594.2000122070312,SPY
2025-05-19,588.0999755859375,595.5399780273438,588.0999755859375,594.8499755859375,SPY
2025-05-20,593.0900268554688,594.0499877929688,589.5999755859375,592.8499755859375,SPY
2025-05-21,588.4400024414062,592.5800170898438,581.8200073242188,582.8599853515625,SPY
2025-05-22,582.6599731445312,586.6199951171875,581.4099731445312,583.0900268554688,SPY
2025-05-23,575.97998046875,581.8099975585938,575.5999755859375,579.1099853515625,SPY
2025-05-27,586.0700073242188,591.3099975585938,578.4299926757812,591.1500244140625,SPY
2025-05-28,591.5599975585938,592.77001953125,586.989990234375,587.72998046875,SPY
2025-05-29,593.0599975585938,593.2000122070312,586.0700073242188,590.0499877929688,SPY
2025-05-30,588.9299926757812,591.1300048828125,583.239990234375,589.3900146484375,SPY
2025-06-02,587.760009765625,592.7899780273438,585.0599975585938,592.7100219726562,SPY
2025-06-03,592.3400268554688,597.0800170898438,591.8499755859375,596.0900268554688,SPY
2025-06-04,596.9600219726562,597.9500122070312,595.489990234375,595.9299926757812,SPY
2025-06-05,597.6300048828125,599.0,591.0499877929688,593.0499877929688,SPY
2025-06-06,598.6599731445312,600.8300170898438,596.8599853515625,599.1400146484375,SPY
2025-06-09,599.719970703125,601.25,598.489990234375,599.6799926757812,SPY
2025-06-10,600.219970703125,603.469970703125,599.0900268554688,603.0800170898438,SPY
2025-06-11,604.1900024414062,605.0599975585938,599.27001953125,601.3599853515625,SPY
2025-06-12,600.010009765625,603.75,599.52001953125,603.75,SPY
2025-06-13,598.5,601.8499755859375,595.47998046875,597.0,SPY
2025-06-16,600.4000244140625,604.4500122070312,600.219970703125,602.6799926757812,SPY
2025-06-17,600.2100219726562,601.75,596.760009765625,597.530029296875,SPY
2025-06-18,598.4400024414062,601.219970703125,596.469970703125,597.4400024414062,SPY
2025-06-20,598.3800048828125,599.4600219726562,592.8599853515625,594.280029296875,SPY
2025-06-23,595.0399780273438,600.5399780273438,591.8900146484375,600.1500244140625,SPY
2025-06-24,604.3300170898438,607.8499755859375,603.4099731445312,606.780029296875,SPY
2025-06-25,607.9099731445312,608.6099853515625,605.5399780273438,607.1199951171875,SPY
2025-06-26,608.989990234375,612.3099975585938,608.3699951171875,611.8699951171875,SPY
2025-06-27,612.8800048828125,616.3900146484375,610.8300170898438,614.9099731445312,SPY
2025-06-30,617.3800048828125,619.219970703125,615.0399780273438,617.8499755859375,SPY
2025-07-01,616.3599853515625,618.8300170898438,615.52001953125,617.6500244140625,SPY
2025-07-02,617.239990234375,620.489990234375,616.6099853515625,620.4500122070312,SPY
2025-07-03,622.4500122070312,626.280029296875,622.4299926757812,625.3400268554688,SPY
2025-07-07,623.3599853515625,624.030029296875,617.8699951171875,620.6799926757812,SPY
2025-07-08,621.3499755859375,622.1099853515625,619.52001953125,620.3400268554688,SPY
2025-07-09,622.77001953125,624.719970703125,620.9099731445312,624.0599975585938,SPY
2025-07-10,624.2000122070312,626.8699951171875,623.010009765625,625.8200073242188,SPY
2025-07-11,622.739990234375,624.8599853515625,621.530029296875,623.6199951171875,SPY
2025-07-14,623.1599731445312,625.1599731445312,621.7999877929688,624.8099975585938,SPY
2025-07-15,627.52001953125,627.8599853515625,622.0599975585938,622.1400146484375,SPY
2025-07-16,623.739990234375,624.72998046875,618.0499877929688,624.219970703125,SPY
2025-07-17,624.4000244140625,628.4000244140625,624.1799926757812,628.0399780273438,SPY
2025-04-22,438.8200073242188,447.5799865722656,437.6199951171875,444.4800109863281,QQQ
2025-04-23,458.1700134277344,463.3800048828125,452.8800048828125,454.55999755859375,QQQ
2025-04-24,456.4800109863281,467.6600036621094,455.8299865722656,467.3500061035156,QQQ
2025-04-25,466.9700012207031,473.0899963378906,465.3900146484375,472.55999755859375,QQQ
2025-04-28,473.0299987792969,474.80999755859375,466.0299987792969,472.4100036621094,QQQ
2025-04-29,470.1700134277344,476.4200134277344,469.5899963378906,475.5299987792969,QQQ
2025-04-30,467.1300048828125,477.2000122070313,462.4299926757813,475.4700012207031,QQQ
2025-05-01,483.4100036621094,487.1799926757813,480.739990234375,481.6799926757813,QQQ
2025-05-02,486.5400085449219,490.9100036621094,484.8299865722656,488.8299865722656,QQQ
2025-05-05,484.6000061035156,489.0299987792969,484.1000061035156,485.9299926757813,QQQ
2025-05-06,479.55999755859375,485.0499877929688,478.1900024414063,481.4100036621094,QQQ
2025-05-07,482.0799865722656,485.7999877929688,476.7799987792969,483.2999877929688,QQQ
2025-05-08,488.5299987792969,492.7000122070313,484.1700134277344,488.2900085449219,QQQ
2025-05-09,490.2099914550781,491.5400085449219,486.2000122070313,487.9700012207031,QQQ
2025-05-12,506.989990234375,507.8900146484375,501.4800109863281,507.8500061035156,QQQ
2025-05-13,509.1600036621094,517.3900146484375,508.4200134277344,515.5900268554688,QQQ
2025-05-14,516.77001953125,519.22998046875,515.75,518.6799926757812,QQQ
2025-05-15,516.52001953125,521.9299926757812,515.1699829101562,519.25,QQQ
2025-05-16,520.6599731445312,521.7000122070312,517.0999755859375,521.510009765625,QQQ
2025-05-19,514.239990234375,522.530029296875,514.239990234375,522.010009765625,QQQ
2025-05-20,519.469970703125,520.9299926757812,516.6599731445312,520.27001953125,QQQ
2025-05-21,516.27001953125,523.0,511.239990234375,513.0399780273438,QQQ
2025-05-22,513.6599731445312,517.7100219726562,512.2999877929688,514.0,QQQ
2025-05-23,506.1799926757813,511.8399963378906,505.5799865722656,509.239990234375,QQQ
2025-05-27,516.1500244140625,521.7100219726562,514.5900268554688,521.219970703125,QQQ
2025-05-28,522.1799926757812,523.6799926757812,518.3900146484375,518.9099731445312,QQQ
2025-05-29,526.3300170898438,526.47998046875,517.3200073242188,519.9299926757812,QQQ
2025-05-30,519.4400024414062,520.6799926757812,511.9299926757813,519.1099853515625,QQQ
2025-06-02,517.239990234375,523.4500122070312,515.969970703125,523.2100219726562,QQQ
2025-06-03,523.5599975585938,528.739990234375,522.6900024414062,527.2999877929688,QQQ
2025-06-04,528.010009765625,529.8400268554688,525.969970703125,528.77001953125,QQQ
2025-06-05,530.1799926757812,533.0499877929688,522.6599731445312,524.7899780273438,QQQ
2025-06-06,530.0,531.7999877929688,528.2100219726562,529.9199829101562,QQQ
2025-06-09,530.1400146484375,532.3499755859375,529.010009765625,530.7000122070312,QQQ
2025-06-10,531.1699829101562,534.9000244140625,528.8900146484375,534.2100219726562,QQQ
2025-06-11,535.6199951171875,536.780029296875,530.1099853515625,532.4099731445312,QQQ
2025-06-12,531.0900268554688,534.6400146484375,530.8400268554688,533.6599731445312,QQQ
2025-06-13,527.6799926757812,531.8699951171875,525.72998046875,526.9600219726562,QQQ
2025-06-16,530.5,535.3699951171875,530.4500122070312,534.2899780273438,QQQ
2025-06-17,531.7100219726562,533.3300170898438,527.9099731445312,529.0800170898438,QQQ
2025-06-18,530.0999755859375,532.5499877929688,527.4000244140625,528.989990234375,QQQ
2025-06-20,532.260009765625,533.5599975585938,524.8800048828125,526.8300170898438,QQQ
2025-06-23,526.8099975585938,532.1699829101562,523.6500244140625,531.6500244140625,QQQ
2025-06-24,536.8900146484375,540.7000122070312,536.27001953125,539.780029296875,QQQ
2025-06-25,542.0599975585938,543.3099975585938,539.3800048828125,541.1599731445312,QQQ
2025-06-26,543.3499755859375,546.6699829101562,541.52001953125,546.219970703125,QQQ
2025-06-27,547.260009765625,549.989990234375,544.5399780273438,548.0900268554688,QQQ
2025-06-30,551.260009765625,552.7999877929688,549.010009765625,551.6400146484375,QQQ
2025-07-01,549.72998046875,550.7100219726562,544.6599731445312,546.989990234375,QQQ
2025-07-02,546.1599731445312,551.0,546.1199951171875,550.7999877929688,QQQ
2025-07-03,553.1799926757812,557.2000122070312,553.1799926757812,556.219970703125,QQQ
2025-07-07,553.52001953125,554.3400268554688,549.5800170898438,552.030029296875,QQQ
2025-07-08,553.3800048828125,554.010009765625,551.0999755859375,552.3400268554688,QQQ
2025-07-09,554.47998046875,557.6300048828125,553.0999755859375,556.25,QQQ
2025-07-10,556.8900146484375,557.2999877929688,552.75,555.4500122070312,QQQ
2025-07-11,553.2999877929688,555.7899780273438,552.0499877929688,554.2000122070312,QQQ
2025-07-14,553.989990234375,556.9500122070312,551.6300048828125,556.2100219726562,QQQ
2025-07-15,560.25,560.7999877929688,556.6599731445312,556.719970703125,QQQ
2025-07-16,557.280029296875,560.2100219726562,551.5599975585938,557.2899780273438,QQQ
2025-07-17,558.02001953125,562.3099975585938,557.2100219726562,561.7999877929688,QQQ
2025-04-22,94.41999816894533,94.44000244140624,94.2300033569336,94.23999786376952,IEF
2025-04-23,95.04000091552734,95.22000122070312,94.22000122070312,94.33999633789062,IEF
2025-04-24,94.72000122070312,94.87999725341795,94.62000274658205,94.8499984741211,IEF
2025-04-25,95.11000061035156,95.27999877929688,94.9800033569336,95.20999908447266,IEF
2025-04-28,95.0999984741211,95.62000274658205,95.06999969482422,95.58999633789062,IEF
2025-04-29,95.54000091552734,95.93000030517578,95.52999877929688,95.91999816894533,IEF
2025-04-30,95.9000015258789,96.16000366210938,95.8000030517578,96.06999969482422,IEF
2025-05-01,95.87999725341795,95.9000015258789,95.1500015258789,95.33999633789062,IEF
2025-05-02,94.8499984741211,94.98999786376952,94.54000091552734,94.6999969482422,IEF
2025-05-05,94.66999816894533,94.68000030517578,94.33000183105467,94.52999877929688,IEF
2025-05-06,94.48999786376952,94.79000091552734,94.4000015258789,94.7699966430664,IEF
2025-05-07,94.87000274658205,95.13999938964844,94.8499984741211,95.0199966430664,IEF
2025-05-08,94.95999908447266,94.9800033569336,94.26000213623048,94.27999877929688,IEF
2025-05-09,94.4499969482422,94.61000061035156,94.31999969482422,94.3499984741211,IEF
2025-05-12,93.7300033569336,93.97000122070312,93.7300033569336,93.75,IEF
2025-05-13,93.87000274658205,93.91999816894533,93.52999877929688,93.68000030517578,IEF
2025-05-14,93.63999938964844,93.70999908447266,93.2699966430664,93.33000183105467,IEF
2025-05-15,93.72000122070312,93.98999786376952,93.5999984741211,93.94000244140624,IEF
2025-05-16,94.30999755859376,94.33000183105467,93.95999908447266,93.97000122070312,IEF
2025-05-19,93.43000030517578,93.94000244140624,93.38999938964844,93.91999816894533,IEF
2025-05-20,93.66999816894533,93.87000274658205,93.52999877929688,93.8000030517578,IEF
2025-05-21,93.43000030517578,93.55999755859376,93.02999877929688,93.1500015258789,IEF
2025-05-22,93.18000030517578,93.54000091552734,93.05999755859376,93.5,IEF
2025-05-23,93.91000366210938,93.91999816894533,93.63999938964844,93.7699966430664,IEF
2025-05-27,93.9800033569336,94.26000213623048,93.87000274658205,94.16000366210938,IEF
2025-05-28,93.97000122070312,94.04000091552734,93.79000091552734,93.9000015258789,IEF
2025-05-29,94.1500015258789,94.37999725341795,94.0999984741211,94.29000091552734,IEF
2025-05-30,94.36000061035156,94.62000274658205,94.3000030517578,94.56999969482422,IEF
2025-06-02,94.0,94.13999938964844,93.77999877929688,93.94000244140624,IEF
2025-06-03,94.06999969482422,94.1999969482422,93.7699966430664,93.8499984741211,IEF
2025-06-04,94.20999908447266,94.62000274658205,94.12999725341795,94.54000091552734,IEF
2025-06-05,94.54000091552734,94.66000366210938,94.2300033569336,94.26000213623048,IEF
2025-06-06,93.77999877929688,93.86000061035156,93.4800033569336,93.51000213623048,IEF
2025-06-09,93.5199966430664,93.8000030517578,93.51000213623048,93.68000030517578,IEF
2025-06-10,93.9800033569336,94.0199966430664,93.73999786376952,93.83999633789062,IEF
2025-06-11,94.0199966430664,94.2699966430664,93.94000244140624,94.2300033569336,IEF
2025-06-12,94.58999633789062,94.6500015258789,94.41999816894533,94.63999938964844,IEF
2025-06-13,94.43000030517578,94.5,94.04000091552734,94.29000091552734,IEF
2025-06-16,94.18000030517578,94.37999725341795,94.0,94.0199966430664,IEF
2025-06-17,94.26000213623048,94.5199966430664,94.11000061035156,94.4800033569336,IEF
2025-06-18,94.63999938964844,94.83999633789062,94.37999725341795,94.54000091552734,IEF
2025-06-20,94.3499984741211,94.73999786376952,94.29000091552734,94.5999984741211,IEF
2025-06-23,94.87000274658205,95.23999786376952,94.8000030517578,94.93000030517578,IEF
2025-06-24,94.83999633789062,95.30999755859376,94.8000030517578,95.26000213623048,IEF
2025-06-25,95.08000183105467,95.33999633789062,94.9800033569336,95.3000030517578,IEF
2025-06-26,95.4800033569336,95.6500015258789,95.3499984741211,95.63999938964844,IEF
2025-06-27,95.38999938964844,95.68000030517578,95.33000183105467,95.38999938964844,IEF
2025-06-30,95.5999984741211,95.80999755859376,95.45999908447266,95.7699966430664,IEF
2025-07-01,95.41999816894533,95.51000213623048,95.12000274658205,95.29000091552734,IEF
2025-07-02,94.98999786376952,95.13999938964844,94.93000030517578,95.08999633789062,IEF
2025-07-03,94.8000030517578,94.86000061035156,94.63999938964844,94.76000213623048,IEF
2025-07-07,94.61000061035156,94.62000274658205,94.37999725341795,94.45999908447266,IEF
2025-07-08,94.20999908447266,94.33000183105467,94.16000366210938,94.31999969482422,IEF
2025-07-09,94.45999908447266,94.81999969482422,94.45999908447266,94.80999755859376,IEF
2025-07-10,94.73999786376952,94.77999877929688,94.56999969482422,94.76000213623048,IEF
2025-07-11,94.44000244140624,94.47000122070312,94.2699966430664,94.31999969482422,IEF
2025-07-14,94.31999969482422,94.45999908447266,94.16999816894533,94.27999877929688,IEF
2025-07-15,94.38999938964844,94.4000015258789,93.86000061035156,93.91000366210938,IEF
2025-07-16,94.05999755859376,94.23999786376952,93.93000030517578,94.16999816894533,IEF
2025-07-17,94.22000122070312,94.33000183105467,94.05999755859376,94.13999938964844,IEF
2025-04-22,317.489990234375,317.6300048828125,310.3599853515625,311.1099853515625,GLD
2025-04-23,304.17999267578125,304.739990234375,300.5899963378906,303.6499938964844,GLD
2025-04-24,306.9800109863281,308.5,304.7099914550781,308.07000732421875,GLD
2025-04-25,301.7799987792969,305.3699951171875,301.010009765625,304.7300109863281,GLD
2025-04-28,304.1499938964844,309.1099853515625,302.9700012207031,309.07000732421875,GLD
2025-04-29,305.8099975585937,306.95001220703125,304.0,306.0599975585937,GLD
2025-04-30,304.6099853515625,306.07000732421875,303.44000244140625,303.7699890136719,GLD
2025-05-01,297.4100036621094,297.94000244140625,295.32000732421875,297.4599914550781,GLD
2025-05-02,300.1700134277344,300.8500061035156,297.0299987792969,297.9800109863281,GLD
2025-05-05,305.9200134277344,307.6499938964844,304.67999267578125,306.8800048828125,GLD
2025-05-06,313.1199951171875,315.6199951171875,311.3999938964844,315.4800109863281,GLD
2025-05-07,312.1000061035156,313.260009765625,310.0799865722656,310.75,GLD
2025-05-08,309.760009765625,310.4800109863281,303.04998779296875,304.6300048828125,GLD
2025-05-09,307.7900085449219,308.57000732421875,306.010009765625,306.8399963378906,GLD
2025-05-12,298.3299865722656,299.4700012207031,296.82000732421875,298.19000244140625,GLD
2025-05-13,299.0199890136719,300.29998779296875,297.239990234375,299.4599914550781,GLD
2025-05-14,293.6700134277344,294.79998779296875,291.9599914550781,293.1600036621094,GLD
2025-05-15,294.1000061035156,297.8999938964844,293.75,297.8399963378906,GLD
2025-05-16,292.6199951171875,294.5799865722656,291.7799987792969,294.239990234375,GLD
2025-05-19,297.8500061035156,298.5799865722656,296.4800109863281,298.0299987792969,GLD
2025-05-20,298.3500061035156,303.67999267578125,298.29998779296875,303.5799865722656,GLD
2025-05-21,304.54998779296875,306.4599914550781,303.6700134277344,305.82000732421875,GLD
2025-05-22,305.0899963378906,305.2799987792969,302.1000061035156,303.1099853515625,GLD
2025-05-23,308.8599853515625,310.25,307.4700012207031,309.75,GLD
2025-05-27,303.8099975585937,304.8800048828125,302.739990234375,304.5,GLD
2025-05-28,304.6400146484375,304.989990234375,303.0599975585937,303.8099975585937,GLD
2025-05-29,305.739990234375,306.8900146484375,304.4599914550781,305.6099853515625,GLD
2025-05-30,303.6400146484375,304.0199890136719,301.5,303.6000061035156,GLD
2025-06-02,309.2099914550781,311.7200012207031,308.7200012207031,311.6700134277344,GLD
2025-06-03,309.5599975585937,309.5599975585937,307.1499938964844,308.9100036621094,GLD
2025-06-04,309.4100036621094,311.8800048828125,308.739990234375,310.8999938964844,GLD
2025-06-05,311.239990234375,312.20001220703125,307.6499938964844,309.3299865722656,GLD
2025-06-06,309.0899963378906,309.20001220703125,305.1000061035156,305.17999267578125,GLD
2025-06-09,305.3900146484375,307.6099853515625,305.0599975585937,306.6199951171875,GLD
2025-06-10,308.3099975585937,308.6000061035156,305.8699951171875,306.7099914550781,GLD
2025-06-11,307.5,308.6199951171875,305.8500061035156,308.3699951171875,GLD
2025-06-12,311.739990234375,313.1000061035156,311.1499938964844,312.20001220703125,GLD
2025-06-13,317.260009765625,317.6000061035156,315.0400085449219,316.2900085449219,GLD
2025-06-16,314.79998779296875,314.8699951171875,311.6499938964844,311.7799987792969,GLD
2025-06-17,312.6600036621094,313.0,310.1199951171875,311.94000244140625,GLD
2025-06-18,312.8900146484375,312.9800109863281,309.8599853515625,310.260009765625,GLD
2025-06-20,309.3299865722656,310.8900146484375,309.25,310.1300048828125,GLD
2025-06-23,310.3399963378906,312.6700134277344,310.3099975585937,311.0799865722656,GLD
2025-06-24,305.07000732421875,306.3399963378906,303.5400085449219,306.19000244140625,GLD
2025-06-25,305.3099975585937,307.3599853515625,305.1199951171875,307.1199951171875,GLD
2025-06-26,305.7699890136719,307.2799987792969,304.8599853515625,306.7799987792969,GLD
2025-06-27,300.0299987792969,302.3599853515625,299.8900146484375,301.2200012207031,GLD
2025-06-30,302.3900146484375,304.9200134277344,301.95001220703125,304.8299865722656,GLD
2025-07-01,308.5599975585937,309.0,307.3599853515625,307.54998779296875,GLD
2025-07-02,308.0400085449219,309.3999938964844,306.9599914550781,309.25,GLD
2025-07-03,307.04998779296875,307.57000732421875,306.1499938964844,307.1400146484375,GLD
2025-07-07,305.07000732421875,307.7099914550781,304.5299987792969,307.3699951171875,GLD
2025-07-08,306.29998779296875,306.45001220703125,302.7699890136719,304.1600036621094,GLD
2025-07-09,303.5799865722656,305.5400085449219,303.2300109863281,305.5199890136719,GLD
2025-07-10,306.1099853515625,306.510009765625,304.82000732421875,306.20001220703125,GLD
2025-07-11,308.8599853515625,310.2799987792969,308.5199890136719,309.1400146484375,GLD
2025-07-14,309.07000732421875,309.3800048828125,307.7300109863281,308.010009765625,GLD
2025-07-15,307.7300109863281,308.739990234375,305.7900085449219,306.7300109863281,GLD
2025-07-16,307.1099853515625,311.0899963378906,305.7300109863281,308.260009765625,GLD
2025-07-17,305.5,307.6700134277344,305.1199951171875,307.5899963378906,GLD
2025-04-22,42.380001068115234,42.83000183105469,42.34000015258789,42.540000915527344,EEM
2025-04-23,43.290000915527344,43.52000045776367,42.97999954223633,43.02999877929688,EEM
2025-04-24,43.150001525878906,43.58000183105469,43.09999847412109,43.52999877929688,EEM
2025-04-25,43.220001220703125,43.45000076293945,43.13999938964844,43.45000076293945,EEM
2025-04-28,43.5099983215332,43.59000015258789,43.31999969482422,43.52999877929688,EEM
2025-04-29,43.59000015258789,43.7599983215332,43.560001373291016,43.650001525878906,EEM
2025-04-30,43.59000015258789,43.83000183105469,43.40999984741211,43.7599983215332,EEM
2025-05-01,43.93000030517578,43.959999084472656,43.709999084472656,43.75,EEM
2025-05-02,45.150001525878906,45.16999816894531,44.84000015258789,45.0,EEM
2025-05-05,45.459999084472656,45.52999877929688,45.34000015258789,45.34000015258789,EEM
2025-05-06,45.0,45.34000015258789,44.97999954223633,45.15999984741211,EEM
2025-05-07,44.81999969482422,44.83000183105469,44.52000045776367,44.63999938964844,EEM
2025-05-08,44.790000915527344,44.869998931884766,44.560001373291016,44.61000061035156,EEM
2025-05-09,45.09999847412109,45.15999984741211,44.83000183105469,44.90999984741211,EEM
2025-05-12,46.02000045776367,46.02000045776367,45.709999084472656,45.880001068115234,EEM
2025-05-13,45.56999969482422,46.130001068115234,45.540000915527344,45.959999084472656,EEM
2025-05-14,46.40999984741211,46.459999084472656,46.25,46.310001373291016,EEM
2025-05-15,46.22999954223633,46.290000915527344,46.040000915527344,46.290000915527344,EEM
2025-05-16,46.209999084472656,46.29999923706055,46.060001373291016,46.2599983215332,EEM
2025-05-19,45.93999862670898,46.369998931884766,45.93999862670898,46.36000061035156,EEM
2025-05-20,46.16999816894531,46.31999969482422,46.130001068115234,46.310001373291016,EEM
2025-05-21,46.4900016784668,46.59999847412109,46.119998931884766,46.18999862670898,EEM
2025-05-22,45.970001220703125,46.150001525878906,45.900001525878906,46.040000915527344,EEM
2025-05-23,45.90999984741211,46.310001373291016,45.869998931884766,46.22999954223633,EEM
2025-05-27,46.06999969482422,46.18000030517578,45.970001220703125,46.119998931884766,EEM
2025-05-28,46.0,46.02000045776367,45.869998931884766,45.90999984741211,EEM
2025-05-29,46.31999969482422,46.34000015258789,45.93000030517578,46.08000183105469,EEM
2025-05-30,45.65999984741211,45.65999984741211,45.22999954223633,45.52000045776367,EEM
2025-06-02,45.68999862670898,45.869998931884766,45.52000045776367,45.84999847412109,EEM
2025-06-03,45.84000015258789,46.0099983215332,45.7400016784668,45.959999084472656,EEM
2025-06-04,46.400001525878906,46.59000015258789,46.34999847412109,46.52999877929688,EEM
2025-06-05,46.93000030517578,46.97999954223633,46.650001525878906,46.77000045776367,EEM
2025-06-06,46.810001373291016,46.95000076293945,46.720001220703125,46.91999816894531,EEM
2025-06-09,47.16999816894531,47.38999938964844,47.11000061035156,47.31999969482422,EEM
2025-06-10,47.54999923706055,47.630001068115234,47.34000015258789,47.59000015258789,EEM
2025-06-11,47.84000015258789,47.970001220703125,47.72999954223633,47.790000915527344,EEM
2025-06-12,47.72999954223633,47.900001525878906,47.68999862670898,47.869998931884766,EEM
2025-06-13,47.0,47.29999923706055,46.97999954223633,47.11000061035156,EEM
2025-06-16,47.18000030517578,47.5,47.18000030517578,47.22999954223633,EEM
2025-06-17,46.90999984741211,47.0099983215332,46.540000915527344,46.61000061035156,EEM
2025-06-18,46.619998931884766,46.790000915527344,46.47999954223633,46.59999847412109,EEM
2025-06-20,46.77999877929688,46.77999877929688,46.290000915527344,46.33000183105469,EEM
2025-06-23,46.25,46.720001220703125,46.150001525878906,46.709999084472656,EEM
2025-06-24,47.43999862670898,47.93999862670898,47.40999984741211,47.91999816894531,EEM
2025-06-25,47.900001525878906,47.9900016784668,47.81999969482422,47.959999084472656,EEM
2025-06-26,48.18000030517578,48.36000061035156,48.04999923706055,48.27999877929688,EEM
2025-06-27,48.040000915527344,48.25,47.959999084472656,48.09000015258789,EEM
2025-06-30,48.0,48.27000045776367,47.900001525878906,48.2400016784668,EEM
2025-07-01,48.34999847412109,48.41999816894531,48.18999862670898,48.33000183105469,EEM
2025-07-02,48.16999816894531,48.540000915527344,48.130001068115234,48.540000915527344,EEM
2025-07-03,48.58000183105469,48.79999923706055,48.58000183105469,48.7599983215332,EEM
2025-07-07,48.27999877929688,48.38999938964844,47.959999084472656,48.06999969482422,EEM
2025-07-08,48.369998931884766,48.41999816894531,48.2400016784668,48.369998931884766,EEM
2025-07-09,48.380001068115234,48.380001068115234,48.150001525878906,48.290000915527344,EEM
2025-07-10,48.380001068115234,48.43000030517578,48.20000076293945,48.41999816894531,EEM
2025-07-11,48.34000015258789,48.38999938964844,48.220001220703125,48.2599983215332,EEM
2025-07-14,48.27000045776367,48.369998931884766,48.20000076293945,48.33000183105469,EEM
2025-07-15,48.84000015258789,48.880001068115234,48.61000061035156,48.68000030517578,EEM
2025-07-16,48.65999984741211,48.91999816894531,48.47999954223633,48.90999984741211,EEM
2025-07-17,48.84999847412109,49.220001220703125,48.79999923706055,49.18999862670898,EEM
2025-04-22,85.9800033569336,87.04000091552734,85.80000305175781,86.68000030517578,VNQ
2025-04-23,87.6500015258789,88.58000183105469,86.36000061035156,86.83999633789062,VNQ
2025-04-24,86.88999938964844,87.7699966430664,86.44999694824219,87.16000366210938,VNQ
2025-04-25,87.16000366210938,87.3499984741211,86.37999725341797,87.01000213623047,VNQ
2025-04-28,86.93000030517578,87.7300033569336,86.66999816894531,87.55000305175781,VNQ
2025-04-29,87.51000213623047,88.44000244140625,87.19999694824219,88.0199966430664,VNQ
2025-04-30,87.5999984741211,88.63999938964844,86.75,88.33000183105469,VNQ
2025-05-01,88.63999938964844,89.38999938964844,87.95999908447266,88.62000274658203,VNQ
2025-05-02,89.72000122070312,90.0199966430664,89.30000305175781,89.70999908447266,VNQ
2025-05-05,89.55999755859375,90.05000305175781,89.02999877929688,89.51000213623047,VNQ
2025-05-06,89.0999984741211,89.55000305175781,88.4000015258789,88.81999969482422,VNQ
2025-05-07,89.0,89.6500015258789,88.7300033569336,88.91999816894531,VNQ
2025-05-08,89.27999877929688,89.43000030517578,88.23999786376953,88.56999969482422,VNQ
2025-05-09,88.5,89.4000015258789,88.37000274658203,89.16000366210938,VNQ
2025-05-12,90.36000061035156,90.37000274658205,89.11000061035156,89.5999984741211,VNQ
2025-05-13,89.58000183105469,89.69000244140625,88.19999694824219,88.45999908447266,VNQ
2025-05-14,88.1500015258789,88.1500015258789,87.26000213623047,87.58999633789062,VNQ
2025-05-15,87.91000366210938,89.20999908447266,87.81999969482422,89.19000244140625,VNQ
2025-05-16,89.19999694824219,90.33000183105467,89.02999877929688,90.3000030517578,VNQ
2025-05-19,89.52999877929688,90.43000030517578,89.36000061035156,90.31999969482422,VNQ
2025-05-20,89.63999938964844,90.18000030517578,89.58000183105469,89.79000091552734,VNQ
2025-05-21,89.12999725341797,89.48999786376953,87.33000183105469,87.4000015258789,VNQ
2025-05-22,87.45999908447266,87.45999908447266,86.36000061035156,87.0,VNQ
2025-05-23,86.83999633789062,87.3499984741211,86.54000091552734,87.08999633789062,VNQ
2025-05-27,87.80999755859375,88.81999969482422,87.51000213623047,88.61000061035156,VNQ
2025-05-28,88.63999938964844,88.66000366210938,87.93000030517578,88.5199966430664,VNQ
2025-05-29,88.58000183105469,89.68000030517578,88.4000015258789,89.31999969482422,VNQ
2025-05-30,88.97000122070312,89.55000305175781,88.44999694824219,89.31999969482422,VNQ
2025-06-02,88.62999725341797,89.47000122070312,87.83000183105469,89.44000244140625,VNQ
2025-06-03,89.02999877929688,89.4000015258789,88.48999786376953,89.26000213623047,VNQ
2025-06-04,89.22000122070312,89.80999755859375,88.80999755859375,89.51000213623047,VNQ
2025-06-05,89.55000305175781,89.91000366210938,88.97000122070312,89.44000244140625,VNQ
2025-06-06,89.80000305175781,90.27999877929688,89.38999938964844,89.87000274658203,VNQ
2025-06-09,89.9000015258789,90.52999877929688,89.29000091552734,89.98999786376953,VNQ
2025-06-10,90.13999938964844,90.81999969482422,90.12000274658205,90.76000213623048,VNQ
2025-06-11,90.88999938964844,91.29000091552734,89.94000244140625,90.2699966430664,VNQ
2025-06-12,90.20999908447266,90.8000030517578,90.05999755859375,90.70999908447266,VNQ
2025-06-13,89.98999786376953,90.55999755859376,89.23999786376953,89.83000183105469,VNQ
2025-06-16,90.18000030517578,91.0,89.5999984741211,89.9000015258789,VNQ
2025-06-17,89.88999938964844,90.16999816894533,89.2699966430664,89.58000183105469,VNQ
2025-06-18,89.81999969482422,90.55999755859376,89.38999938964844,89.88999938964844,VNQ
2025-06-20,90.20999908447266,90.68000030517578,89.7300033569336,89.83000183105469,VNQ
2025-06-23,90.0,91.25,89.87999725341797,91.18000030517578,VNQ
2025-06-24,91.33000183105467,91.7699966430664,90.80999755859376,91.41999816894533,VNQ
2025-06-25,90.91000366210938,90.91000366210938,89.16999816894531,89.22000122070312,VNQ
2025-06-26,88.54000091552734,88.54000091552734,87.18000030517578,88.2699966430664,VNQ
2025-06-27,88.29000091552734,89.41000366210938,88.13999938964844,88.48999786376953,VNQ
2025-06-30,88.55000305175781,89.0999984741211,87.55000305175781,89.05999755859375,VNQ
2025-07-01,88.87999725341797,90.38999938964844,88.7699966430664,89.70999908447266,VNQ
2025-07-02,89.5,90.04000091552734,89.13999938964844,89.91999816894531,VNQ
2025-07-03,89.9800033569336,90.37000274658205,89.66999816894531,90.0199966430664,VNQ
2025-07-07,89.98999786376953,90.48999786376952,88.7699966430664,89.25,VNQ
2025-07-08,88.9800033569336,89.5999984741211,88.76000213623047,89.12000274658203,VNQ
2025-07-09,89.33000183105469,89.44999694824219,88.80999755859375,89.19000244140625,VNQ
2025-07-10,89.2699966430664,90.3499984741211,88.9800033569336,89.75,VNQ
2025-07-11,89.11000061035156,89.97000122070312,88.80000305175781,89.76000213623047,VNQ
2025-07-14,89.7300033569336,90.36000061035156,89.58000183105469,90.33999633789062,VNQ
2025-07-15,90.33999633789062,90.43000030517578,88.83999633789062,89.01000213623047,VNQ
2025-07-16,89.44999694824219,90.0,88.9800033569336,89.8499984741211,VNQ
2025-07-17,89.77999877929688,90.1500015258789,89.33999633789062,89.75,VNQ
2020-07-18,1.0,2.0,0.0,1.0,AMXL.MX
2020-07-19,2.0,3.0,1.0,2.0,AMXL.MX
2020-07-20,3.0,4.0,2.0,3.0,AMXL.MX
2020-07-21,4.0,5.0,3.0,4.0,AMXL.MX
2020-07-22,5.0,6.0,4.0,5.0,AMXL.MX
2020-07-23,6.0,7.0,5.0,6.0,AMXL.MX
2020-07-24,7.0,8.0,6.0,7.0,AMXL.MX
2020-07-25,8.0,9.0,7.0,8.0,AMXL.MX
2020-07-26,9.0,10.0,8.0,9.0,AMXL.MX
2020-07-27,10.0,11.0,9.0,10.0,AMXL.MX
2020-07-28,11.0,12.0,10.0,11.0,AMXL.MX
2020-07-29,12.0,13.0,11.0,12.0,AMXL.MX
2020-07-30,13.0,14.0,12.0,13.0,AMXL.MX
2020-07-31,14.0,15.0,13.0,14.0,AMXL.MX
2020-08-01,15.0,16.0,14.0,15.0,AMXL.MX
2020-08-02,16.0,17.0,15.0,16.0,AMXL.MX
2020-08-03,17.0,18.0,16.0,17.0,AMXL.MX
2020-08-04,18.0,19.0,17.0,18.0,AMXL.MX
2020-08-05,19.0,20.0,18.0,19.0,AMXL.MX
2020-08-06,20.0,21.0,19.0,20.0,AMXL.MX
2020-08-07,21.0,22.0,20.0,21.0,AMXL.MX
2020-08-08,22.0,23.0,21.0,22.0,AMXL.MX
2020-08-09,23.0,24.0,22.0,23.0,AMXL.MX
2020-08-10,24.0,25.0,23.0,24.0,AMXL.MX
2020-08-11,25.0,26.0,24.0,25.0,AMXL.MX
2020-08-12,26.0,27.0,25.0,26.0,AMXL.MX
2020-08-13,27.0,28.0,26.0,27.0,AMXL.MX
2020-08-14,28.0,29.0,27.0,28.0,AMXL.MX
2020-08-15,29.0,30.0,28.0,29.0,AMXL.MX
2020-08-16,30.0,31.0,29.0,30.0,AMXL.MX
2025-04-24,62.06999969482422,63.0,61.5099983215332,62.630001068115234,WALMEX.MX
2025-04-25,62.5099983215332,62.88999938964844,60.72999954223633,61.38999938964844,WALMEX.MX
2025-04-28,61.40999984741211,62.560001373291016,61.15999984741211,62.4900016784668,WALMEX.MX
2025-04-29,62.52999877929688,62.68999862670898,59.52000045776367,60.08000183105469,WALMEX.MX
2025-04-30,59.9900016784668,62.43999862670898,59.61000061035156,62.130001068115234,WALMEX.MX
2025-05-02,62.130001068115234,62.38999938964844,60.5099983215332,60.66999816894531,WALMEX.MX
2025-05-05,60.41999816894531,61.310001373291016,60.130001068115234,61.2400016784668,WALMEX.MX
2025-05-06,61.36000061035156,64.58000183105469,60.61000061035156,64.48999786376953,WALMEX.MX
2025-05-07,64.11000061035156,65.68000030517578,63.709999084472656,65.2300033569336,WALMEX.MX
2025-05-08,65.0,65.54000091552734,62.93999862670898,63.0,WALMEX.MX
2025-05-09,62.84000015258789,63.40999984741211,61.880001068115234,62.2400016784668,WALMEX.MX
2025-05-12,62.59000015258789,63.790000915527344,60.68000030517578,63.29999923706055,WALMEX.MX
2025-05-13,63.4900016784668,65.0,62.84000015258789,63.79999923706055,WALMEX.MX
2025-05-14,63.88999938964844,65.0999984741211,63.45000076293945,64.87999725341797,WALMEX.MX
2025-05-15,64.51000213623047,64.95999908447266,63.13999938964844,63.7400016784668,WALMEX.MX
2025-05-16,64.01000213623047,64.8499984741211,63.91999816894531,64.13999938964844,WALMEX.MX
2025-05-19,64.41000366210938,65.44000244140625,63.209999084472656,64.76000213623047,WALMEX.MX
2025-05-20,64.66999816894531,66.2300033569336,64.66999816894531,65.5,WALMEX.MX
2025-05-21,65.69000244140625,66.26000213623047,64.70999908447266,65.9800033569336,WALMEX.MX
2025-05-22,65.83999633789062,66.30999755859375,64.5199966430664,64.91000366210938,WALMEX.MX
2025-05-23,64.9000015258789,65.7300033569336,63.959999084472656,65.58000183105469,WALMEX.MX
2025-05-26,65.1500015258789,65.68000030517578,64.20999908447266,65.68000030517578,WALMEX.MX
2025-05-27,65.0999984741211,67.33999633789062,65.0999984741211,65.55000305175781,WALMEX.MX
2025-05-28,65.94000244140625,66.4800033569336,64.01000213623047,65.69999694824219,WALMEX.MX
2025-05-29,65.80000305175781,66.37000274658203,65.26000213623047,65.80999755859375,WALMEX.MX
2025-05-30,65.4800033569336,65.4800033569336,63.31999969482422,63.34999847412109,WALMEX.MX
2025-06-02,63.720001220703125,65.48999786376953,63.45000076293945,64.33999633789062,WALMEX.MX
2025-06-03,64.0,64.58999633789062,63.75,64.05999755859375,WALMEX.MX
2025-06-04,63.650001525878906,64.62999725341797,63.650001525878906,64.38999938964844,WALMEX.MX
2025-06-05,64.08000183105469,65.66999816894531,64.08000183105469,65.27999877929688,WALMEX.MX
2025-06-06,64.81999969482422,64.91999816894531,61.72999954223633,63.91999816894531,WALMEX.MX
2025-06-09,63.79999923706055,65.0,63.65999984741211,64.48999786376953,WALMEX.MX
2025-06-10,64.16000366210938,65.08999633789062,63.93000030517578,64.70999908447266,WALMEX.MX
2025-06-11,65.04000091552734,65.04000091552734,63.400001525878906,63.68000030517578,WALMEX.MX
2025-06-12,63.619998931884766,64.48999786376953,62.86000061035156,63.02000045776367,WALMEX.MX
2025-06-13,63.09000015258789,63.400001525878906,62.5,62.75,WALMEX.MX
2025-06-16,63.0,63.02000045776367,61.41999816894531,61.470001220703125,WALMEX.MX
2025-06-17,61.04999923706055,61.869998931884766,60.810001373291016,61.09999847412109,WALMEX.MX
2025-06-18,60.93999862670898,62.369998931884766,60.93999862670898,61.900001525878906,WALMEX.MX
2025-06-19,61.68999862670898,61.68999862670898,60.5,60.68999862670898,WALMEX.MX
2025-06-20,60.380001068115234,61.02000045776367,59.7400016784668,60.86000061035156,WALMEX.MX
2025-06-23,60.34999847412109,61.09999847412109,60.0,61.0,WALMEX.MX
2025-06-24,60.66999816894531,63.34999847412109,60.59999847412109,62.970001220703125,WALMEX.MX
2025-06-25,62.630001068115234,63.93000030517578,62.619998931884766,63.869998931884766,WALMEX.MX
2025-06-26,63.31999969482422,64.44000244140625,63.2599983215332,63.58000183105469,WALMEX.MX
2025-06-27,63.38999938964844,64.33999633789062,63.11000061035156,64.0999984741211,WALMEX.MX
2025-06-30,63.7400016784668,64.52999877929688,62.02000045776367,62.08000183105469,WALMEX.MX
2025-07-01,62.150001525878906,63.08000183105469,61.900001525878906,62.68999862670898,WALMEX.MX
2025-07-02,62.79999923706055,62.9900016784668,62.04999923706055,62.56999969482422,WALMEX.MX
2025-07-03,62.90999984741211,63.43999862670898,60.560001373291016,61.290000915527344,WALMEX.MX
2025-07-04,61.290000915527344,61.34999847412109,60.61000061035156,60.970001220703125,WALMEX.MX
2025-07-07,60.970001220703125,61.290000915527344,59.31999969482422,59.54999923706055,WALMEX.MX
2025-07-08,59.560001373291016,59.93999862670898,58.040000915527344,58.70000076293945,WALMEX.MX
2025-07-09,58.77000045776367,58.97999954223633,57.5099983215332,58.47999954223633,WALMEX.MX
2025-07-10,58.290000915527344,58.880001068115234,57.5099983215332,58.790000915527344,WALMEX.MX
2025-07-11,58.68999862670898,59.20000076293945,58.02000045776367,58.540000915527344,WALMEX.MX
2025-07-14,58.5099983215332,58.68999862670898,57.02000045776367,57.650001525878906,WALMEX.MX
2025-07-15,57.79999923706055,58.18999862670898,57.0099983215332,57.5,WALMEX.MX
2025-07-16,57.5,57.97999954223633,57.08000183105469,57.29999923706055,WALMEX.MX
2025-07-17,56.400001525878906,56.400001525878906,53.11000061035156,53.29999923706055,WALMEX.MX
2025-04-24,66.13999938964844,68.97000122070312,66.13999938964844,67.51000213623047,BIMBOA.MX
2025-04-25,67.51000213623047,69.0999984741211,65.77999877929688,66.51000213623047,BIMBOA.MX
2025-04-28,66.97000122070312,67.9000015258789,66.58000183105469,67.38999938964844,BIMBOA.MX
2025-04-29,66.73999786376953,67.48999786376953,63.2599983215332,63.29999923706055,BIMBOA.MX
2025-04-30,63.47999954223633,63.5,57.91999816894531,59.66999816894531,BIMBOA.MX
2025-05-02,59.66999816894531,60.59999847412109,57.11000061035156,58.220001220703125,BIMBOA.MX
2025-05-05,58.40999984741211,58.95000076293945,57.5,58.36000061035156,BIMBOA.MX
2025-05-06,58.63999938964844,60.68999862670898,57.790000915527344,60.52999877929688,BIMBOA.MX
2025-05-07,60.25,61.22999954223633,60.0,60.310001373291016,BIMBOA.MX
2025-05-08,60.61000061035156,61.38999938964844,59.5099983215332,59.84999847412109,BIMBOA.MX
2025-05-09,59.86000061035156,60.27999877929688,58.290000915527344,58.77000045776367,BIMBOA.MX
2025-05-12,58.81999969482422,58.81999969482422,57.15999984741211,58.31999969482422,BIMBOA.MX
2025-05-13,57.959999084472656,59.290000915527344,57.209999084472656,58.15999984741211,BIMBOA.MX
2025-05-14,58.15999984741211,58.15999984741211,56.86000061035156,57.63999938964844,BIMBOA.MX
2025-05-15,58.18000030517578,58.66999816894531,57.02000045776367,57.5099983215332,BIMBOA.MX
2025-05-16,57.90999984741211,57.90999984741211,57.09000015258789,57.5,BIMBOA.MX
2025-05-19,57.91999816894531,58.70000076293945,57.29999923706055,58.209999084472656,BIMBOA.MX
2025-05-20,57.5,58.43000030517578,55.25,55.40999984741211,BIMBOA.MX
2025-05-21,55.400001525878906,56.470001220703125,55.34999847412109,55.68999862670898,BIMBOA.MX
2025-05-22,56.130001068115234,56.22999954223633,55.29999923706055,55.459999084472656,BIMBOA.MX
2025-05-23,55.310001373291016,56.25,55.09000015258789,56.0,BIMBOA.MX
2025-05-26,56.27000045776367,56.70000076293945,55.810001373291016,55.97999954223633,BIMBOA.MX
2025-05-27,55.97999954223633,56.70000076293945,55.380001068115234,55.470001220703125,BIMBOA.MX
2025-05-28,55.56999969482422,56.56999969482422,55.0,55.09000015258789,BIMBOA.MX
2025-05-29,55.36000061035156,55.9900016784668,55.15999984741211,55.16999816894531,BIMBOA.MX
2025-05-30,55.2599983215332,55.459999084472656,54.0,54.25,BIMBOA.MX
2025-06-02,54.11000061035156,54.88999938964844,52.310001373291016,52.400001525878906,BIMBOA.MX
2025-06-03,52.88999938964844,53.13999938964844,51.91999816894531,52.84000015258789,BIMBOA.MX
2025-06-04,52.79999923706055,53.34999847412109,52.0,52.0,BIMBOA.MX
2025-06-05,52.369998931884766,52.56999969482422,51.68999862670898,52.209999084472656,BIMBOA.MX
2025-06-06,52.27999877929688,52.52000045776367,51.95000076293945,52.209999084472656,BIMBOA.MX
2025-06-09,52.06999969482422,52.59000015258789,50.5,50.970001220703125,BIMBOA.MX
2025-06-10,51.0,52.29999923706055,50.65999984741211,51.630001068115234,BIMBOA.MX
2025-06-11,51.59999847412109,51.91999816894531,50.58000183105469,50.93000030517578,BIMBOA.MX
2025-06-12,50.93000030517578,51.84000015258789,50.5,51.72999954223633,BIMBOA.MX
2025-06-13,51.02999877929688,51.9900016784668,50.59999847412109,51.68999862670898,BIMBOA.MX
2025-06-16,51.900001525878906,52.68999862670898,51.40999984741211,51.52999877929688,BIMBOA.MX
2025-06-17,51.400001525878906,51.88999938964844,50.70000076293945,51.560001373291016,BIMBOA.MX
2025-06-18,51.7599983215332,51.95000076293945,51.02999877929688,51.31999969482422,BIMBOA.MX
2025-06-19,51.29999923706055,51.869998931884766,51.29999923706055,51.77999877929688,BIMBOA.MX
2025-06-20,51.77999877929688,53.630001068115234,50.900001525878906,52.369998931884766,BIMBOA.MX
2025-06-23,52.34999847412109,53.0,52.0,52.220001220703125,BIMBOA.MX
2025-06-24,52.150001525878906,52.79999923706055,51.97999954223633,52.16999816894531,BIMBOA.MX
2025-06-25,52.52999877929688,53.59000015258789,52.36000061035156,53.43999862670898,BIMBOA.MX
2025-06-26,53.36000061035156,53.84999847412109,52.650001525878906,53.560001373291016,BIMBOA.MX
2025-06-27,53.619998931884766,54.150001525878906,52.709999084472656,53.0099983215332,BIMBOA.MX
2025-06-30,52.970001220703125,53.68999862670898,52.11000061035156,52.34000015258789,BIMBOA.MX
2025-07-01,52.40999984741211,52.9900016784668,52.0,52.18000030517578,BIMBOA.MX
2025-07-02,52.43000030517578,52.83000183105469,50.880001068115234,52.380001068115234,BIMBOA.MX
2025-07-03,52.470001220703125,52.84000015258789,52.0099983215332,52.310001373291016,BIMBOA.MX
2025-07-04,52.34999847412109,52.43999862670898,52.0,52.11000061035156,BIMBOA.MX
2025-07-07,52.29999923706055,52.41999816894531,50.5,50.970001220703125,BIMBOA.MX
2025-07-08,51.130001068115234,51.5,50.720001220703125,51.380001068115234,BIMBOA.MX
2025-07-09,51.38999938964844,51.63999938964844,50.5099983215332,50.68999862670898,BIMBOA.MX
2025-07-10,50.68000030517578,50.90999984741211,50.18000030517578,50.65999984741211,BIMBOA.MX
2025-07-11,50.54999923706055,51.09000015258789,49.900001525878906,50.720001220703125,BIMBOA.MX
2025-07-14,50.58000183105469,50.95000076293945,50.459999084472656,50.58000183105469,BIMBOA.MX
2025-07-15,50.75,50.86000061035156,50.31999969482422,50.720001220703125,BIMBOA.MX
2025-07-16,50.400001525878906,51.25,50.09999847412109,50.15999984741211,BIMBOA.MX
2025-07-17,50.540000915527344,50.790000915527344,50.150001525878906,50.7599983215332,BIMBOA.MX
2025-04-24,11.039999961853027,11.329999923706056,10.949999809265137,11.18000030517578,CEMEXCPO.MX
2025-04-25,11.140000343322754,11.699999809265137,11.039999961853027,11.670000076293944,CEMEXCPO.MX
2025-04-28,11.640000343322754,12.25,11.56999969482422,12.100000381469728,CEMEXCPO.MX
2025-04-29,12.010000228881836,12.170000076293944,11.81999969482422,11.93000030517578,CEMEXCPO.MX
2025-04-30,11.899999618530272,12.140000343322754,11.56999969482422,12.130000114440918,CEMEXCPO.MX
2025-05-02,12.119999885559082,12.170000076293944,11.989999771118164,12.109999656677246,CEMEXCPO.MX
2025-05-05,12.0,12.170000076293944,11.9399995803833,12.029999732971191,CEMEXCPO.MX
2025-05-06,12.0,12.329999923706056,11.829999923706056,12.199999809265137,CEMEXCPO.MX
2025-05-07,12.270000457763672,12.729999542236328,12.149999618530272,12.630000114440918,CEMEXCPO.MX
2025-05-08,12.619999885559082,12.789999961853027,12.550000190734863,12.59000015258789,CEMEXCPO.MX
2025-05-09,12.649999618530272,12.729999542236328,12.4399995803833,12.449999809265137,CEMEXCPO.MX
2025-05-12,12.619999885559082,12.9399995803833,12.520000457763672,12.90999984741211,CEMEXCPO.MX
2025-05-13,12.850000381469728,13.369999885559082,12.850000381469728,13.199999809265137,CEMEXCPO.MX
2025-05-14,13.15999984741211,13.399999618530272,13.119999885559082,13.3100004196167,CEMEXCPO.MX
2025-05-15,13.270000457763672,13.449999809265137,13.100000381469728,13.399999618530272,CEMEXCPO.MX
2025-05-16,13.420000076293944,13.489999771118164,13.289999961853027,13.359999656677246,CEMEXCPO.MX
2025-05-19,13.3100004196167,13.470000267028809,13.15999984741211,13.390000343322754,CEMEXCPO.MX
2025-05-20,13.289999961853027,13.59000015258789,13.289999961853027,13.579999923706056,CEMEXCPO.MX
2025-05-21,13.449999809265137,13.710000038146973,13.4399995803833,13.579999923706056,CEMEXCPO.MX
2025-05-22,13.56999969482422,13.640000343322754,13.40999984741211,13.539999961853027,CEMEXCPO.MX
2025-05-23,13.420000076293944,13.850000381469728,13.350000381469728,13.800000190734863,CEMEXCPO.MX
2025-05-26,13.829999923706056,14.390000343322754,13.829999923706056,13.989999771118164,CEMEXCPO.MX
2025-05-27,13.90999984741211,14.15999984741211,13.8100004196167,13.869999885559082,CEMEXCPO.MX
2025-05-28,13.899999618530272,13.989999771118164,13.760000228881836,13.770000457763672,CEMEXCPO.MX
2025-05-29,13.779999732971191,13.890000343322754,13.579999923706056,13.579999923706056,CEMEXCPO.MX
2025-05-30,13.5600004196167,13.5600004196167,13.229999542236328,13.300000190734863,CEMEXCPO.MX
2025-06-02,13.270000457763672,13.359999656677246,13.039999961853027,13.119999885559082,CEMEXCPO.MX
2025-06-03,13.170000076293944,13.300000190734863,12.979999542236328,13.079999923706056,CEMEXCPO.MX
2025-06-04,13.0600004196167,13.170000076293944,13.0,13.020000457763672,CEMEXCPO.MX
2025-06-05,13.010000228881836,13.149999618530272,12.949999809265137,13.0600004196167,CEMEXCPO.MX
2025-06-06,13.010000228881836,13.140000343322754,12.8100004196167,12.880000114440918,CEMEXCPO.MX
2025-06-09,12.970000267028809,13.050000190734863,12.869999885559082,12.899999618530272,CEMEXCPO.MX
2025-06-10,12.920000076293944,13.3100004196167,12.90999984741211,13.229999542236328,CEMEXCPO.MX
2025-06-11,13.170000076293944,13.710000038146973,13.170000076293944,13.220000267028809,CEMEXCPO.MX
2025-06-12,13.109999656677246,13.34000015258789,13.0600004196167,13.260000228881836,CEMEXCPO.MX
2025-06-13,13.229999542236328,13.229999542236328,12.829999923706056,12.859999656677246,CEMEXCPO.MX
2025-06-16,12.920000076293944,13.199999809265137,12.920000076293944,13.010000228881836,CEMEXCPO.MX
2025-06-17,13.06999969482422,13.06999969482422,12.859999656677246,12.960000038146973,CEMEXCPO.MX
2025-06-18,12.869999885559082,13.130000114440918,12.869999885559082,13.0600004196167,CEMEXCPO.MX
2025-06-19,13.050000190734863,13.050000190734863,12.829999923706056,12.90999984741211,CEMEXCPO.MX
2025-06-20,12.960000038146973,13.149999618530272,12.90999984741211,12.9399995803833,CEMEXCPO.MX
2025-06-23,12.899999618530272,12.989999771118164,12.6899995803833,12.989999771118164,CEMEXCPO.MX
2025-06-24,12.970000267028809,13.260000228881836,12.970000267028809,13.210000038146973,CEMEXCPO.MX
2025-06-25,13.149999618530272,13.25,12.779999732971191,12.789999961853027,CEMEXCPO.MX
2025-06-26,12.789999961853027,13.020000457763672,12.720000267028809,12.960000038146973,CEMEXCPO.MX
2025-06-27,12.90999984741211,12.970000267028809,12.760000228881836,12.859999656677246,CEMEXCPO.MX
2025-06-30,12.880000114440918,13.149999618530272,12.630000114440918,12.989999771118164,CEMEXCPO.MX
2025-07-01,12.899999618530272,13.329999923706056,12.880000114440918,13.279999732971191,CEMEXCPO.MX
2025-07-02,13.279999732971191,13.65999984741211,13.279999732971191,13.470000267028809,CEMEXCPO.MX
2025-07-03,13.479999542236328,13.630000114440918,13.40999984741211,13.489999771118164,CEMEXCPO.MX
2025-07-04,13.43000030517578,13.529999732971191,13.369999885559082,13.4399995803833,CEMEXCPO.MX
2025-07-07,13.489999771118164,13.520000457763672,13.270000457763672,13.329999923706056,CEMEXCPO.MX
2025-07-08,13.3100004196167,13.65999984741211,13.3100004196167,13.369999885559082,CEMEXCPO.MX
2025-07-09,13.369999885559082,13.829999923706056,13.369999885559082,13.699999809265137,CEMEXCPO.MX
2025-07-10,13.640000343322754,13.970000267028809,13.640000343322754,13.75,CEMEXCPO.MX
2025-07-11,13.770000457763672,13.770000457763672,13.4399995803833,13.729999542236328,CEMEXCPO.MX
2025-07-14,13.75,13.93000030517578,13.699999809265137,13.8100004196167,CEMEXCPO.MX
2025-07-15,13.779999732971191,13.90999984741211,13.649999618530272,13.710000038146973,CEMEXCPO.MX
2025-07-16,13.640000343322754,13.84000015258789,13.630000114440918,13.760000228881836,CEMEXCPO.MX
2025-07-17,13.720000267028809,14.600000381469728,13.720000267028809,14.529999732971191,CEMEXCPO.MX
2025-04-24,159.7899932861328,162.7899932861328,159.32000732421875,160.99000549316406,GFNORTEO.MX
2025-04-25,161.49000549316406,164.25999450683594,159.27999877929688,164.19000244140625,GFNORTEO.MX
2025-04-28,164.2899932861328,170.0,163.1300048828125,167.99000549316406,GFNORTEO.MX
2025-04-29,167.5,169.17999267578125,164.13999938964844,165.25999450683594,GFNORTEO.MX
2025-04-30,165.99000549316406,168.99000549316406,163.41000366210938,168.14999389648438,GFNORTEO.MX
2025-05-02,163.0,164.97000122070312,158.6199951171875,163.66000366210938,GFNORTEO.MX
2025-05-05,163.5800018310547,163.6699981689453,160.22999572753906,162.11000061035156,GFNORTEO.MX
2025-05-06,162.38999938964844,170.00999450683594,160.86000061035156,169.86000061035156,GFNORTEO.MX
2025-05-07,169.0500030517578,173.9600067138672,167.80999755859375,168.85000610351562,GFNORTEO.MX
2025-05-08,169.7899932861328,173.00999450683594,161.5,162.49000549316406,GFNORTEO.MX
2025-05-09,161.82000732421875,166.5,161.0,162.47000122070312,GFNORTEO.MX
2025-05-12,162.88999938964844,166.6999969482422,161.5,164.22000122070312,GFNORTEO.MX
2025-05-13,164.58999633789062,170.49000549316406,163.74000549316406,169.41000366210938,GFNORTEO.MX
2025-05-14,168.60000610351562,171.3800048828125,167.41000366210938,170.9199981689453,GFNORTEO.MX
2025-05-15,171.0,174.97999572753906,168.80999755859375,174.02000427246094,GFNORTEO.MX
2025-05-16,174.5,175.5,172.75999450683594,174.00999450683594,GFNORTEO.MX
2025-05-19,173.97999572753906,180.82000732421875,173.97999572753906,177.00999450683594,GFNORTEO.MX
2025-05-20,177.0,178.08999633789062,172.50999450683594,172.50999450683594,GFNORTEO.MX
2025-05-21,172.55999755859375,173.2100067138672,169.0,170.99000549316406,GFNORTEO.MX
2025-05-22,170.4499969482422,172.0,169.61000061035156,171.33999633789062,GFNORTEO.MX
2025-05-23,170.0,173.7899932861328,165.0800018310547,173.49000549316406,GFNORTEO.MX
2025-05-26,172.02000427246094,172.88999938964844,169.00999450683594,172.8800048828125,GFNORTEO.MX
2025-05-27,172.25999450683594,179.92999267578125,172.25999450683594,175.39999389648438,GFNORTEO.MX
2025-05-28,176.1999969482422,177.7100067138672,175.00999450683594,176.39999389648438,GFNORTEO.MX
2025-05-29,177.05999755859375,178.08999633789062,175.25999450683594,175.97999572753906,GFNORTEO.MX
2025-05-30,175.41000366210938,175.6999969482422,170.77000427246094,172.02000427246094,GFNORTEO.MX
2025-06-02,172.10000610351562,174.83999633789062,171.17999267578125,172.0,GFNORTEO.MX
2025-06-03,171.0500030517578,173.47999572753906,171.0399932861328,172.80999755859375,GFNORTEO.MX
2025-06-04,172.69000244140625,173.80999755859375,170.85000610351562,171.1999969482422,GFNORTEO.MX
2025-06-05,171.25,172.2899932861328,170.0399932861328,171.55999755859375,GFNORTEO.MX
2025-06-06,170.8300018310547,174.0,168.80999755859375,171.67999267578125,GFNORTEO.MX
2025-06-09,172.6300048828125,174.99000549316406,172.6300048828125,173.32000732421875,GFNORTEO.MX
2025-06-10,172.8800048828125,175.00999450683594,172.80999755859375,174.55999755859375,GFNORTEO.MX
2025-06-11,175.38999938964844,178.38999938964844,172.17999267578125,172.25,GFNORTEO.MX
2025-06-12,173.08999633789062,175.86000061035156,172.10000610351562,175.0,GFNORTEO.MX
2025-06-13,175.49000549316406,175.5,171.00999450683594,173.61000061035156,GFNORTEO.MX
2025-06-16,174.00999450683594,175.3000030517578,170.00999450683594,170.1699981689453,GFNORTEO.MX
2025-06-17,170.60000610351562,172.47000122070312,169.00999450683594,169.52000427246094,GFNORTEO.MX
2025-06-18,170.47999572753906,171.7899932861328,169.1199951171875,170.67999267578125,GFNORTEO.MX
2025-06-19,170.5800018310547,173.0,168.2100067138672,168.80999755859375,GFNORTEO.MX
2025-06-20,168.9600067138672,170.0800018310547,167.5,168.88999938964844,GFNORTEO.MX
2025-06-23,167.0,169.22999572753906,165.0,166.9199981689453,GFNORTEO.MX
2025-06-24,166.89999389648438,172.39999389648438,166.89999389648438,171.5399932861328,GFNORTEO.MX
2025-06-25,171.25,174.86000061035156,171.13999938964844,174.49000549316406,GFNORTEO.MX
2025-06-26,174.1999969482422,174.94000244140625,170.3000030517578,173.39999389648438,GFNORTEO.MX
2025-06-27,174.3800048828125,176.7899932861328,173.5,174.5,GFNORTEO.MX
2025-06-30,173.02000427246094,176.49000549316406,170.2100067138672,172.19000244140625,GFNORTEO.MX
2025-07-01,171.52000427246094,173.0800018310547,170.14999389648438,172.97000122070312,GFNORTEO.MX
2025-07-02,173.08999633789062,175.82000732421875,172.74000549316406,175.58999633789062,GFNORTEO.MX
2025-07-03,173.9199981689453,177.5,171.05999755859375,173.00999450683594,GFNORTEO.MX
2025-07-04,173.88999938964844,174.49000549316406,171.97000122070312,171.97000122070312,GFNORTEO.MX
2025-07-07,173.0,174.99000549316406,171.61000061035156,173.75,GFNORTEO.MX
2025-07-08,172.00999450683594,174.8300018310547,170.41000366210938,174.36000061035156,GFNORTEO.MX
2025-07-09,174.1699981689453,175.2100067138672,171.6199951171875,172.49000549316406,GFNORTEO.MX
2025-07-10,171.1699981689453,172.02999877929688,165.5399932861328,166.0,GFNORTEO.MX
2025-07-11,165.82000732421875,166.35000610351562,161.67999267578125,162.97999572753906,GFNORTEO.MX
2025-07-14,163.0,163.32000732421875,160.61000061035156,161.38999938964844,GFNORTEO.MX
2025-07-15,161.69000244140625,163.6999969482422,161.30999755859375,162.50999450683594,GFNORTEO.MX
2025-07-16,163.22000122070312,165.22000122070312,162.50999450683594,164.60000610351562,GFNORTEO.MX
2025-07-17,164.75999450683594,167.1999969482422,162.75,163.08999633789062,GFNORTEO.MX
