Date,Open,High,Low,Close,ticker
2026-09-21,222.94000244140625,228.5,221.55999755859372,227.3800048828125,NVDA
2026-09-22,226.8500061035156,229.97999572753903,226.5,228.8699951171875,NVDA
2026-09-23,228.02999877929688,228.9499969482422,224.0200042724609,225.50999450683597,NVDA
2026-09-24,222.0800018310547,224.94000244140625,221.08999633789065,224.5800018310547,NVDA
2026-09-25,225.1300048828125,226.94000244140625,223.1300048828125,225.07000732421875,NVDA
2026-09-28,229.75,233.2100067138672,228.0399932861328,228.8600006103516,NVDA
2026-09-29,230.97000122070312,232.82000732421875,227.02999877929688,227.2100067138672,NVDA
2026-09-30,229.2700042724609,232.3699951171875,228.1699981689453,228.3800048828125,NVDA
2026-10-01,229.97999572753903,232.2899932861328,228.16000366210935,230.8600006103516,NVDA
2026-10-02,236.05999755859372,237.8800048828125,233.6000061035156,233.9499969482422,NVDA
2026-10-05,236.08999633789065,240.1000061035156,235.1499938964844,238.8999938964844,NVDA
2026-10-06,242.1000061035156,243.3699951171875,238.92999267578125,239.2400054931641,NVDA
2026-10-07,237.69000244140625,239.0800018310547,236.3800048828125,237.47000122070312,NVDA
2026-10-08,234.9199981689453,237.07000732421875,229.8500061035156,230.47999572753903,NVDA
2026-10-09,233.83999633789065,233.9199981689453,229.1100006103516,229.27999877929688,NVDA
2026-09-21,494.9500122070313,501.8699951171875,491.3299865722656,501.6099853515625,MSFT
2026-09-22,507.3200073242188,508.5,493.6499938964844,498.0,MSFT
2026-09-23,500.760009765625,509.4400024414063,495.8800048828125,500.5899963378906,MSFT
2026-09-24,495.0700073242188,498.8999938964844,491.2200012207031,497.9299926757813,MSFT
2026-09-25,499.0400085449219,519.4000244140625,497.25,516.1699829101562,MSFT
2026-09-28,505.4700012207031,513.3300170898438,502.2200012207031,509.2200012207031,MSFT
2026-09-29,508.30999755859375,513.6400146484375,502.3999938964844,508.9599914550781,MSFT
2026-09-30,511.6099853515625,519.8300170898438,510.30999755859375,512.9000244140625,MSFT
2026-10-01,519.8800048828125,522.8499755859375,512.1699829101562,512.7999877929688,MSFT
2026-10-02,519.3900146484375,522.5,513.6599731445312,517.530029296875,MSFT
2026-10-05,521.6199951171875,532.3499755859375,521.469970703125,525.1799926757812,MSFT
2026-10-06,531.6799926757812,535.6900024414062,528.780029296875,529.2999877929688,MSFT
2026-10-07,530.72998046875,531.72998046875,524.6900024414062,529.760009765625,MSFT
2026-10-08,529.8099975585938,533.510009765625,518.7899780273438,522.6099853515625,MSFT
2026-10-09,528.239990234375,537.219970703125,526.239990234375,535.0700073242188,MSFT
2026-09-21,335.2799987792969,339.6400146484375,333.04998779296875,338.9800109863281,AAPL
2026-09-22,340.1400146484375,345.3399963378906,338.75,339.75,AAPL
2026-09-23,341.0799865722656,341.79998779296875,335.5,337.0199890136719,AAPL
2026-09-24,336.7200012207031,338.9100036621094,334.29998779296875,335.9200134277344,AAPL
2026-09-25,336.0400085449219,341.6700134277344,334.5299987792969,341.07000732421875,AAPL
2026-09-28,340.3699951171875,342.989990234375,338.0400085449219,338.3999938964844,AAPL
2026-09-29,336.9700012207031,337.0899963378906,328.70001220703125,329.3999938964844,AAPL
2026-09-30,330.79998779296875,339.5,330.1400146484375,333.0199890136719,AAPL
2026-10-01,330.0,332.4800109863281,325.8099975585937,330.32000732421875,AAPL
2026-10-02,333.260009765625,334.5400085449219,330.6099853515625,333.69000244140625,AAPL
2026-10-05,332.82000732421875,336.2099914550781,331.6499938964844,332.8900146484375,AAPL
2026-10-06,332.2799987792969,334.3800048828125,330.6199951171875,333.6300048828125,AAPL
2026-10-07,336.9599914550781,338.6700134277344,332.7799987792969,336.6700134277344,AAPL
2026-10-08,336.82000732421875,341.57000732421875,335.8999938964844,340.4200134277344,AAPL
2026-10-09,331.70001220703125,338.6099853515625,330.70001220703125,336.6400146484375,AAPL
2026-09-21,350.6400146484375,357.6099853515625,349.1000061035156,354.9700012207031,GOOGL
2026-09-22,357.6499938964844,364.1700134277344,350.2200012207031,351.1600036621094,GOOGL
2026-09-23,349.8599853515625,350.0,337.45001220703125,337.8299865722656,GOOGL
2026-09-24,336.2200012207031,343.0899963378906,336.0199890136719,342.3599853515625,GOOGL
2026-09-25,342.3500061035156,347.0299987792969,341.1099853515625,343.9200134277344,GOOGL
2026-09-28,340.70001220703125,343.5899963378906,339.5599975585937,342.75,GOOGL
2026-09-29,341.95001220703125,342.8399963378906,338.0199890136719,340.9200134277344,GOOGL
2026-09-30,344.1499938964844,352.6000061035156,340.989990234375,344.0799865722656,GOOGL
2026-10-01,350.7900085449219,353.2200012207031,335.510009765625,338.239990234375,GOOGL
2026-10-02,341.32000732421875,345.7699890136719,341.1600036621094,343.5,GOOGL
2026-10-05,342.5899963378906,348.0899963378906,342.3999938964844,346.4700012207031,GOOGL
2026-10-06,347.3699951171875,349.0899963378906,344.67999267578125,347.67999267578125,GOOGL
2026-10-07,346.7200012207031,350.79998779296875,343.07000732421875,350.5,GOOGL
2026-10-08,353.1400146484375,356.8299865722656,346.5199890136719,348.2900085449219,GOOGL
2026-10-09,351.3999938964844,354.70001220703125,350.3099975585937,351.6600036621094,GOOGL
2026-09-21,256.3999938964844,259.489990234375,253.6000061035156,258.45001220703125,AMZN
2026-09-22,255.1100006103516,259.0,253.77999877929688,254.97999572753903,AMZN
2026-09-23,253.0,253.9900054931641,247.75999450683597,249.2700042724609,AMZN
2026-09-24,246.0200042724609,250.42999267578125,245.6000061035156,249.3800048828125,AMZN
2026-09-25,248.55999755859372,250.8800048828125,247.17999267578125,249.6699981689453,AMZN
2026-09-28,246.6300048828125,247.7700042724609,244.72999572753903,246.1499938964844,AMZN
2026-09-29,246.7100067138672,248.83999633789065,245.13999938964844,246.6699981689453,AMZN
2026-09-30,246.7899932861328,252.44000244140625,246.0800018310547,249.1499938964844,AMZN
2026-10-01,251.6100006103516,251.8300018310547,246.1199951171875,248.22999572753903,AMZN
2026-10-02,251.50999450683597,253.55999755859372,250.0200042724609,251.5200042724609,AMZN
2026-10-05,250.19000244140625,254.52999877929688,250.17999267578125,251.3999938964844,AMZN
2026-10-06,253.3999938964844,256.67999267578125,251.0800018310547,256.2900085449219,AMZN
2026-10-07,254.22999572753903,260.1400146484375,253.1699981689453,259.9200134277344,AMZN
2026-10-08,259.739990234375,259.8599853515625,253.77999877929688,254.05999755859372,AMZN
2026-10-09,256.5,262.79998779296875,256.0,262.42999267578125,AMZN
2026-09-21,680.2999877929688,753.0,679.5999755859375,741.25,META
2026-09-22,731.4000244140625,757.27001953125,730.0,736.5999755859375,META
2026-09-23,747.5999755859375,763.9000244140625,739.510009765625,744.0999755859375,META
2026-09-24,744.3599853515625,779.8200073242188,743.010009765625,777.5900268554688,META
2026-09-25,768.8499755859375,769.5700073242188,746.5399780273438,751.6599731445312,META
2026-09-28,750.0399780273438,750.5800170898438,713.1900024414062,715.6199951171875,META
2026-09-29,725.0,740.4500122070312,715.0999755859375,738.7899780273438,META
2026-09-30,730.27001953125,738.25,721.2999877929688,725.1799926757812,META
2026-10-01,728.530029296875,735.8800048828125,721.510009765625,725.9299926757812,META
2026-10-02,733.25,741.5800170898438,726.2000122070312,728.0800170898438,META
2026-10-05,727.7100219726562,746.7000122070312,727.1199951171875,741.9000244140625,META
2026-10-06,746.72998046875,747.5999755859375,736.6900024414062,738.8800048828125,META
2026-10-07,738.2899780273438,738.2899780273438,720.1500244140625,721.3099975585938,META
2026-10-08,724.5399780273438,724.9500122070312,711.6799926757812,720.8900146484375,META
2026-10-09,726.510009765625,728.0700073242188,716.2000122070312,718.6699829101562,META
2026-09-21,358.6600036621094,363.9700012207031,353.5,362.6600036621094,AVGO
2026-09-22,363.2300109863281,366.5499877929688,359.2900085449219,364.5400085449219,AVGO
2026-09-23,362.2000122070313,362.8999938964844,354.010009765625,354.989990234375,AVGO
2026-09-24,349.2099914550781,351.44000244140625,346.8900146484375,350.3599853515625,AVGO
2026-09-25,352.6199951171875,354.42999267578125,349.42999267578125,352.8099975585937,AVGO
2026-09-28,352.8699951171875,355.8599853515625,347.32000732421875,349.57000732421875,AVGO
2026-09-29,357.0,361.8599853515625,354.0,355.1000061035156,AVGO
2026-09-30,356.8999938964844,357.8999938964844,350.69000244140625,351.19000244140625,AVGO
2026-10-01,352.1499938964844,354.45001220703125,343.2900085449219,343.6400146484375,AVGO
2026-10-02,349.8599853515625,357.3500061035156,347.4200134277344,355.1400146484375,AVGO
2026-10-05,357.7900085449219,363.8699951171875,356.1400146484375,362.510009765625,AVGO
2026-10-06,367.0299987792969,380.8399963378906,364.010009765625,375.80999755859375,AVGO
2026-10-07,372.6000061035156,376.9700012207031,369.1199951171875,376.510009765625,AVGO
2026-10-08,370.6199951171875,373.3500061035156,357.4100036621094,360.1400146484375,AVGO
2026-10-09,365.5899963378906,366.6300048828125,361.1000061035156,361.5400085449219,AVGO
2026-09-21,440.7999877929688,445.7200012207031,437.05999755859375,445.1400146484375,TSM
2026-09-22,441.2200012207031,452.8800048828125,441.2000122070313,452.0,TSM
2026-09-23,449.7900085449219,450.8800048828125,442.8699951171875,446.5700073242188,TSM
2026-09-24,441.7999877929688,452.55999755859375,440.6000061035156,451.1499938964844,TSM
2026-09-25,452.3999938964844,455.0299987792969,449.010009765625,450.6099853515625,TSM
2026-09-28,448.3900146484375,455.2699890136719,443.1099853515625,452.8800048828125,TSM
2026-09-29,452.2699890136719,459.4299926757813,447.0700073242188,456.9400024414063,TSM
2026-09-30,456.739990234375,461.8699951171875,454.8999938964844,456.1900024414063,TSM
2026-10-01,457.2699890136719,460.4200134277344,453.4599914550781,459.2000122070313,TSM
2026-10-02,465.6400146484375,474.7900085449219,464.1000061035156,472.7799987792969,TSM
2026-10-05,478.7699890136719,487.4700012207031,476.3999938964844,485.7999877929688,TSM
2026-10-06,484.2300109863281,486.0,481.4800109863281,482.2999877929688,TSM
2026-10-07,472.6000061035156,475.7999877929688,471.2999877929688,472.2000122070313,TSM
2026-10-08,466.3200073242188,471.1900024414063,452.8800048828125,457.989990234375,TSM
2026-10-09,464.2099914550781,464.8299865722656,449.75,453.30999755859375,TSM
2026-09-21,1693.0699462890625,1722.3299560546875,1677.0899658203125,1711.3199462890625,ASML
2026-09-22,1696.0,1749.699951171875,1694.2900390625,1747.9000244140625,ASML
2026-09-23,1731.199951171875,1746.6099853515625,1704.300048828125,1744.6099853515625,ASML
2026-09-24,1708.8499755859375,1736.8399658203125,1700.8800048828125,1722.5,ASML
2026-09-25,1741.25,1759.25,1728.1099853515625,1743.93994140625,ASML
2026-09-28,1748.8199462890625,1784.56005859375,1735.5,1771.4100341796875,ASML
2026-09-29,1811.510009765625,1841.77001953125,1800.4000244140625,1834.3900146484373,ASML
2026-09-30,1828.5999755859373,1830.0,1808.9599609375,1811.6700439453125,ASML
2026-10-01,1799.0999755859375,1822.199951171875,1791.25,1808.489990234375,ASML
2026-10-02,1849.739990234375,1873.5,1842.449951171875,1867.31005859375,ASML
2026-10-05,1852.530029296875,1869.6700439453125,1841.800048828125,1859.8599853515625,ASML
2026-10-06,1870.0,1870.0,1819.0899658203125,1834.0999755859373,ASML
2026-10-07,1788.9200439453125,1811.7099609375,1785.739990234375,1804.9599609375,ASML
2026-10-08,1791.800048828125,1842.530029296875,1763.22998046875,1769.7900390625,ASML
2026-10-09,1819.1400146484373,1825.5699462890625,1778.0,1780.3399658203125,ASML
2026-09-21,583.8800048828125,616.6900024414062,582.27001953125,615.52001953125,AMD
2026-09-22,606.5700073242188,624.52001953125,606.3099975585938,623.77001953125,AMD
2026-09-23,621.5,624.6900024414062,608.0800170898438,614.6099853515625,AMD
2026-09-24,600.27001953125,630.7999877929688,599.239990234375,629.260009765625,AMD
2026-09-25,634.5399780273438,639.0,625.52001953125,630.6300048828125,AMD
2026-09-28,624.9000244140625,629.75,596.0700073242188,607.8699951171875,AMD
2026-09-29,616.739990234375,624.1300048828125,605.25,607.5700073242188,AMD
2026-09-30,609.8900146484375,615.1699829101562,600.0999755859375,611.760009765625,AMD
2026-10-01,612.7000122070312,619.2999877929688,601.5,615.72998046875,AMD
2026-10-02,635.9500122070312,645.4600219726562,628.5499877929688,633.9099731445312,AMD
2026-10-05,630.6099853515625,633.5,619.989990234375,631.75,AMD
2026-10-06,648.0399780273438,658.52001953125,628.0,649.4199829101562,AMD
2026-10-07,634.77001953125,648.47998046875,633.1599731445312,645.8599853515625,AMD
2026-10-08,639.3599853515625,643.8499755859375,613.3400268554688,620.6799926757812,AMD
2026-10-09,626.8900146484375,627.3699951171875,606.0,608.0999755859375,AMD
2026-09-21,148.92999267578125,149.97999572753906,146.16000366210938,148.55999755859375,ORCL
2026-09-22,151.25,153.60000610351562,148.60000610351562,149.1999969482422,ORCL
2026-09-23,148.3000030517578,148.66000366210938,144.22999572753906,144.55999755859375,ORCL
2026-09-24,137.32000732421875,140.33999633789062,133.47999572753906,139.5399932861328,ORCL
2026-09-25,138.57000732421875,140.8800048828125,136.9199981689453,137.10000610351562,ORCL
2026-09-28,132.72999572753906,135.69000244140625,131.5800018310547,132.60000610351562,ORCL
2026-09-29,132.7899932861328,143.6699981689453,132.52999877929688,137.7899932861328,ORCL
2026-09-30,136.5399932861328,138.5,134.75,137.3000030517578,ORCL
2026-10-01,139.60000610351562,140.25,135.3300018310547,138.07000732421875,ORCL
2026-10-02,142.08999633789062,144.86000061035156,140.25999450683594,142.3000030517578,ORCL
2026-10-05,142.52999877929688,146.66000366210938,142.3699951171875,142.47999572753906,ORCL
2026-10-06,143.92999267578125,146.94000244140625,143.86000061035156,144.77000427246094,ORCL
2026-10-07,142.5399932861328,144.6999969482422,141.3699951171875,143.55999755859375,ORCL
2026-10-08,142.19000244140625,142.77999877929688,134.66000366210938,135.69000244140625,ORCL
2026-10-09,136.6999969482422,142.89999389648438,136.49000549316406,141.39999389648438,ORCL
2026-09-21,178.72500610351562,183.3800048828125,176.75999450683594,183.08999633789065,PLTR
2026-09-22,185.125,185.5399932861328,182.02999877929688,184.9900054931641,PLTR
2026-09-23,186.2899932861328,193.7899932861328,182.94000244140625,191.7899932861328,PLTR
2026-09-24,189.1999969482422,194.67999267578125,188.2400054931641,192.58999633789065,PLTR
2026-09-25,192.7100067138672,194.2140045166016,189.3500061035156,189.6699981689453,PLTR
2026-09-28,186.2310028076172,190.25,185.6199951171875,187.47999572753903,PLTR
2026-09-29,187.33999633789065,188.6300048828125,184.80999755859372,186.97000122070312,PLTR
2026-09-30,187.91000366210935,190.9900054931641,187.0,187.0500030517578,PLTR
2026-10-01,190.08999633789065,191.8000030517578,186.6000061035156,190.0399932861328,PLTR
2026-10-02,193.02999877929688,194.77999877929688,188.25999450683597,188.75,PLTR
2026-10-05,189.4499969482422,192.69000244140625,187.6300048828125,189.3999938964844,PLTR
2026-10-06,191.0449981689453,194.55999755859372,190.22000122070312,192.07000732421875,PLTR
2026-10-07,192.7050018310547,194.6999969482422,190.11199951171875,194.1199951171875,PLTR
2026-10-08,199.0,204.44000244140625,195.6499938964844,198.77999877929688,PLTR
2026-10-09,201.4750061035156,209.5800018310547,198.3000030517578,209.0500030517578,PLTR
2026-09-21,239.8000030517578,241.33999633789065,236.25,236.4199981689453,CRM
2026-09-22,241.5,242.44000244140625,229.80999755859372,233.27999877929688,CRM
2026-09-23,234.4199981689453,241.1199951171875,234.2400054931641,237.5800018310547,CRM
2026-09-24,240.63999938964844,242.08999633789065,237.0,238.22000122070312,CRM
2026-09-25,237.02999877929688,239.3699951171875,233.3800048828125,234.0200042724609,CRM
2026-09-28,224.97000122070312,230.57000732421875,221.17999267578125,227.2700042724609,CRM
2026-09-29,227.2700042724609,228.97999572753903,223.42999267578125,225.30999755859372,CRM
2026-09-30,225.3999938964844,233.75999450683597,224.42999267578125,229.57000732421875,CRM
2026-10-01,235.27999877929688,239.4499969482422,230.75,236.69000244140625,CRM
2026-10-02,238.1100006103516,239.0,233.1699981689453,234.69000244140625,CRM
2026-10-05,234.42999267578125,235.0200042724609,227.80999755859372,229.7899932861328,CRM
2026-10-06,231.75,233.0,222.88999938964844,224.9900054931641,CRM
2026-10-07,225.2400054931641,226.5,221.52999877929688,224.55999755859372,CRM
2026-10-08,225.4600067138672,227.9499969482422,220.2899932861328,227.8000030517578,CRM
2026-10-09,229.6000061035156,230.7100067138672,226.66000366210935,229.1300048828125,CRM
2026-09-21,371.6400146484375,378.3599853515625,371.0700073242188,375.2999877929688,TSLA
2026-09-22,379.0700073242188,380.4200134277344,372.8800048828125,378.8999938964844,TSLA
2026-09-23,380.1000061035156,386.7000122070313,377.5799865722656,380.1199951171875,TSLA
2026-09-24,377.3500061035156,383.3299865722656,375.7000122070313,377.9400024414063,TSLA
2026-09-25,384.6199951171875,386.8299865722656,367.6700134277344,372.1099853515625,TSLA
2026-09-28,368.05999755859375,369.4299926757813,356.79998779296875,357.45001220703125,TSLA
2026-09-29,358.3999938964844,358.739990234375,351.6700134277344,352.8399963378906,TSLA
2026-09-30,352.1099853515625,355.2200012207031,345.8800048828125,354.8099975585937,TSLA
2026-10-01,356.8099975585937,359.7900085449219,353.79998779296875,354.1099853515625,TSLA
2026-10-02,360.0799865722656,374.6000061035156,359.4100036621094,370.5899963378906,TSLA
2026-10-05,369.0,381.5899963378906,364.9100036621094,378.7300109863281,TSLA
2026-10-06,381.9800109863281,383.3299865722656,378.5199890136719,380.6799926757813,TSLA
2026-10-07,378.4500122070313,382.3500061035156,374.4299926757813,377.80999755859375,TSLA
2026-10-08,374.1199951171875,375.9599914550781,368.0299987792969,375.0,TSLA
2026-10-09,382.3800048828125,388.55999755859375,379.7099914550781,382.7000122070313,TSLA
2026-09-21,1144.5,1170.9000244140625,1134.4100341796875,1164.8900146484375,LLY
2026-09-22,1146.1500244140625,1180.530029296875,1139.260009765625,1170.1400146484375,LLY
2026-09-23,1174.7099609375,1188.8800048828125,1145.97998046875,1150.989990234375,LLY
2026-09-24,1156.6700439453125,1197.7900390625,1151.0,1181.8900146484375,LLY
2026-09-25,1185.3199462890625,1190.0,1160.8399658203125,1183.4599609375,LLY
2026-09-28,1180.300048828125,1194.0899658203125,1172.56005859375,1184.780029296875,LLY
2026-09-29,1186.050048828125,1192.93994140625,1168.469970703125,1184.6300048828125,LLY
2026-09-30,1186.489990234375,1215.0,1155.27001953125,1157.0799560546875,LLY
2026-10-01,1155.0,1158.719970703125,1139.8499755859375,1149.8499755859375,LLY
2026-10-02,1153.8199462890625,1164.9200439453125,1136.6600341796875,1142.8499755859375,LLY
2026-10-05,1150.760009765625,1165.72998046875,1139.5,1143.1199951171875,LLY
2026-10-06,1147.1500244140625,1177.0699462890625,1139.97998046875,1157.489990234375,LLY
2026-10-07,1173.6199951171875,1206.6300048828125,1166.0,1188.719970703125,LLY
2026-10-08,1183.5,1186.0899658203125,1131.2099609375,1169.5999755859375,LLY
2026-10-09,1153.56005859375,1179.8199462890625,1151.6700439453125,1179.27001953125,LLY
2026-09-21,377.8699951171875,378.9500122070313,373.8200073242188,377.55999755859375,UNH
2026-09-22,381.3900146484375,381.3900146484375,372.4100036621094,372.9500122070313,UNH
2026-09-23,370.8900146484375,372.6099853515625,366.0,371.2900085449219,UNH
2026-09-24,371.9200134277344,375.2799987792969,368.5,375.010009765625,UNH
2026-09-25,375.9500122070313,379.1700134277344,371.1700134277344,376.5899963378906,UNH
2026-09-28,376.3599853515625,380.9800109863281,374.55999755859375,377.8299865722656,UNH
2026-09-29,374.8800048828125,376.5899963378906,371.3299865722656,374.9400024414063,UNH
2026-09-30,374.9299926757813,374.9299926757813,365.7200012207031,367.0799865722656,UNH
2026-10-01,367.989990234375,371.8599853515625,362.6000061035156,365.2000122070313,UNH
2026-10-02,365.1400146484375,372.6799926757813,364.4700012207031,371.8999938964844,UNH
2026-10-05,372.3299865722656,379.1400146484375,368.0499877929688,378.5799865722656,UNH
2026-10-06,379.0299987792969,380.4100036621094,373.7000122070313,376.3200073242188,UNH
2026-10-07,375.9200134277344,383.4800109863281,372.010009765625,375.9800109863281,UNH
2026-10-08,375.3800048828125,376.4500122070313,368.5,370.9500122070313,UNH
2026-10-09,373.9400024414063,387.5199890136719,373.0199890136719,379.2999877929688,UNH
2026-09-21,146.7899932861328,150.49000549316406,145.60000610351562,149.5,MRK
2026-09-22,148.69000244140625,153.57000732421875,148.0399932861328,150.91000366210938,MRK
2026-09-23,151.32000732421875,152.00999450683594,146.88999938964844,148.0800018310547,MRK
2026-09-24,148.1699981689453,151.4600067138672,147.89999389648438,147.97999572753906,MRK
2026-09-25,148.05999755859375,149.97999572753906,147.47999572753906,148.77999877929688,MRK
2026-09-28,147.64999389648438,149.19000244140625,146.27999877929688,148.69000244140625,MRK
2026-09-29,148.1699981689453,150.36000061035156,146.08999633789062,149.27999877929688,MRK
2026-09-30,148.9499969482422,149.27000427246094,145.25999450683594,145.30999755859375,MRK
2026-10-01,144.7100067138672,145.38999938964844,143.25999450683594,143.80999755859375,MRK
2026-10-02,143.77000427246094,144.35000610351562,142.72999572753906,144.3000030517578,MRK
2026-10-05,143.6699981689453,144.05999755859375,138.8000030517578,139.5399932861328,MRK
2026-10-06,140.1300048828125,142.16000366210938,139.74000549316406,141.94000244140625,MRK
2026-10-07,142.02999877929688,144.14999389648438,141.49000549316406,142.7899932861328,MRK
2026-10-08,141.89999389648438,142.77000427246094,138.88999938964844,142.3800048828125,MRK
2026-10-09,141.3699951171875,146.67999267578125,141.36000061035156,145.60000610351562,MRK
2026-09-21,271.739990234375,273.7300109863281,268.5,269.4700012207031,JNJ
2026-09-22,267.510009765625,270.1000061035156,265.0400085449219,269.19000244140625,JNJ
2026-09-23,269.4700012207031,272.1400146484375,266.5,269.1700134277344,JNJ
2026-09-24,269.5199890136719,275.2300109863281,269.010009765625,270.67999267578125,JNJ
2026-09-25,271.70001220703125,272.25,269.260009765625,271.2200012207031,JNJ
2026-09-28,270.1700134277344,273.7799987792969,269.2699890136719,271.95001220703125,JNJ
2026-09-29,269.1099853515625,271.8900146484375,265.5899963378906,267.57000732421875,JNJ
2026-09-30,267.9100036621094,268.4800109863281,264.510009765625,264.739990234375,JNJ
2026-10-01,263.67999267578125,263.9800109863281,258.3299865722656,258.6600036621094,JNJ
2026-10-02,259.3800048828125,259.3800048828125,255.1199951171875,256.0299987792969,JNJ
2026-10-05,256.0,256.239990234375,252.50999450683597,252.92999267578125,JNJ
2026-10-06,254.1499938964844,255.47999572753903,251.1699981689453,254.77999877929688,JNJ
2026-10-07,256.2099914550781,260.67999267578125,255.72999572753903,258.45001220703125,JNJ
2026-10-08,256.2200012207031,257.79998779296875,251.9499969482422,256.4800109863281,JNJ
2026-10-09,255.08999633789065,261.6099853515625,254.9900054931641,261.44000244140625,JNJ
2026-09-21,353.6700134277344,354.5,350.0799865722656,352.0400085449219,JPM
2026-09-22,352.0,352.1000061035156,337.29998779296875,340.0,JPM
2026-09-23,337.6099853515625,341.44000244140625,336.9800109863281,337.5299987792969,JPM
2026-09-24,338.1199951171875,339.3699951171875,335.2799987792969,338.5599975585937,JPM
2026-09-25,340.7699890136719,343.3099975585937,338.6400146484375,343.0599975585937,JPM
2026-09-28,341.8299865722656,342.0,336.29998779296875,336.5899963378906,JPM
2026-09-29,337.0,338.75,333.3299865722656,334.9800109863281,JPM
2026-09-30,334.8900146484375,336.3399963378906,330.8299865722656,330.8299865722656,JPM
2026-10-01,328.75,333.5799865722656,325.8699951171875,333.17999267578125,JPM
2026-10-02,334.0,334.8500061035156,330.0,332.3800048828125,JPM
2026-10-05,333.3099975585937,333.75,330.5899963378906,332.3800048828125,JPM
2026-10-06,332.7300109863281,333.7900085449219,330.92999267578125,331.2799987792969,JPM
2026-10-07,327.20001220703125,329.8699951171875,325.07000732421875,329.5799865722656,JPM
2026-10-08,327.25,332.3099975585937,325.6300048828125,331.4200134277344,JPM
2026-10-09,331.20001220703125,333.5400085449219,330.5799865722656,332.989990234375,JPM
2026-09-21,369.5400085449219,370.8999938964844,366.0899963378906,369.9500122070313,V
2026-09-22,371.760009765625,372.0,359.79998779296875,362.0400085449219,V
2026-09-23,361.239990234375,366.3299865722656,360.0,361.5199890136719,V
2026-09-24,362.2699890136719,368.2099914550781,362.0,367.9800109863281,V
2026-09-25,366.0199890136719,368.3299865722656,363.7900085449219,367.3800048828125,V
2026-09-28,366.7000122070313,370.5,366.05999755859375,367.739990234375,V
2026-09-29,366.9299926757813,368.260009765625,365.0,365.8800048828125,V
2026-09-30,364.5,364.6000061035156,359.3299865722656,359.3299865722656,V
2026-10-01,358.3500061035156,363.239990234375,357.3599853515625,359.8500061035156,V
2026-10-02,360.2099914550781,361.3800048828125,356.75,360.6600036621094,V
2026-10-05,359.489990234375,370.1700134277344,359.04998779296875,369.7099914550781,V
2026-10-06,368.7900085449219,371.8399963378906,368.1499938964844,370.6400146484375,V
2026-10-07,369.7200012207031,374.6199951171875,369.6000061035156,372.1000061035156,V
2026-10-08,371.3999938964844,379.989990234375,370.3699951171875,375.1000061035156,V
2026-10-09,375.7900085449219,386.8399963378906,375.5,385.4500122070313,V
2026-09-21,567.1099853515625,569.3900146484375,562.3599853515625,567.6500244140625,MA
2026-09-22,571.1799926757812,571.3499755859375,553.1199951171875,555.8900146484375,MA
2026-09-23,555.780029296875,565.75,554.0,559.9199829101562,MA
2026-09-24,561.0,568.1799926757812,559.6799926757812,566.0800170898438,MA
2026-09-25,567.0800170898438,568.780029296875,562.2899780273438,567.6500244140625,MA
2026-09-28,566.280029296875,569.5700073242188,563.5,568.260009765625,MA
2026-09-29,564.0,566.989990234375,561.2999877929688,563.5800170898438,MA
2026-09-30,562.260009765625,563.0,551.4299926757812,551.469970703125,MA
2026-10-01,551.0,557.2000122070312,546.1199951171875,550.0,MA
2026-10-02,551.3200073242188,554.6799926757812,545.4099731445312,552.260009765625,MA
2026-10-05,552.0399780273438,565.8699951171875,551.1500244140625,564.5900268554688,MA
2026-10-06,563.5,568.9299926757812,562.1400146484375,566.5800170898438,MA
2026-10-07,567.489990234375,573.7100219726562,567.0,570.0599975585938,MA
2026-10-08,568.489990234375,581.5900268554688,568.489990234375,574.760009765625,MA
2026-10-09,574.1099853515625,591.280029296875,574.0,589.1400146484375,MA
2026-09-21,507.9299926757813,510.5,501.9800109863281,502.010009765625,BRK-B
2026-09-22,503.3299865722656,505.5799865722656,501.4100036621094,503.489990234375,BRK-B
2026-09-23,503.8599853515625,511.2799987792969,502.80999755859375,507.1700134277344,BRK-B
2026-09-24,509.5799865722656,510.0,504.9800109863281,505.1799926757813,BRK-B
2026-09-25,505.25,505.8699951171875,502.239990234375,505.4800109863281,BRK-B
2026-09-28,505.0,507.239990234375,502.5700073242188,503.0899963378906,BRK-B
2026-09-29,501.5299987792969,503.8599853515625,500.2300109863281,502.3500061035156,BRK-B
2026-09-30,501.4299926757813,502.1199951171875,497.9500122070313,497.9500122070313,BRK-B
2026-10-01,497.25,501.5299987792969,495.9599914550781,500.5,BRK-B
2026-10-02,500.1000061035156,503.6199951171875,499.010009765625,502.6499938964844,BRK-B
2026-10-05,502.0499877929688,505.8800048828125,501.2999877929688,504.260009765625,BRK-B
2026-10-06,504.3399963378906,508.5199890136719,503.7799987792969,505.5400085449219,BRK-B
2026-10-07,506.1199951171875,506.7000122070313,504.2999877929688,506.25,BRK-B
2026-10-08,506.6099853515625,513.1500244140625,505.2699890136719,511.0499877929688,BRK-B
2026-10-09,510.0,516.5700073242188,509.7099914550781,515.6199951171875,BRK-B
2026-09-21,106.16000366210938,107.76000213623048,106.08000183105467,107.44000244140624,WMT
2026-09-22,108.12000274658205,110.19000244140624,107.61000061035156,110.12000274658205,WMT
2026-09-23,110.22000122070312,111.2300033569336,109.48999786376952,110.52999877929688,WMT
2026-09-24,111.16999816894533,111.16999816894533,107.51000213623048,107.58999633789062,WMT
2026-09-25,107.08000183105467,108.1500015258789,106.4499969482422,107.9800033569336,WMT
2026-09-28,107.9000015258789,109.41999816894533,107.2699966430664,108.7300033569336,WMT
2026-09-29,107.75,107.9000015258789,105.3499984741211,106.8000030517578,WMT
2026-09-30,106.97000122070312,107.02999877929688,103.91999816894533,103.91999816894533,WMT
2026-10-01,104.37999725341795,105.0999984741211,103.58999633789062,104.26000213623048,WMT
2026-10-02,104.94000244140624,105.13999938964844,103.80999755859376,104.26000213623048,WMT
2026-10-05,103.83999633789062,105.0999984741211,103.38999938964844,105.06999969482422,WMT
2026-10-06,104.5,107.5500030517578,104.5,107.1999969482422,WMT
2026-10-07,107.54000091552734,108.8000030517578,107.4000015258789,108.16000366210938,WMT
2026-10-08,108.5999984741211,111.12999725341795,108.44000244140624,110.55999755859376,WMT
2026-10-09,110.0,111.51000213623048,109.93000030517578,111.3499984741211,WMT
2026-09-21,891.0700073242188,899.4400024414062,885.5,898.47998046875,COST
2026-09-22,902.260009765625,903.4000244140624,895.8400268554688,899.4099731445312,COST
2026-09-23,901.3099975585938,905.5900268554688,893.3599853515625,904.7000122070312,COST
2026-09-24,908.8099975585938,909.4299926757812,895.260009765625,896.47998046875,COST
2026-09-25,887.0,925.1400146484376,883.0999755859375,922.77001953125,COST
2026-09-28,924.3900146484376,931.0900268554688,913.0,922.9199829101562,COST
2026-09-29,916.7999877929688,925.969970703125,912.6599731445312,924.5900268554688,COST
2026-09-30,924.6099853515624,925.5599975585938,910.2999877929688,910.3400268554688,COST
2026-10-01,910.8699951171876,923.5,903.780029296875,914.9400024414062,COST
2026-10-02,921.1799926757812,921.1799926757812,909.6599731445312,920.6500244140624,COST
2026-10-05,920.0,925.3400268554688,914.75,923.52001953125,COST
2026-10-06,921.3200073242188,937.0399780273438,919.0,935.6799926757812,COST
2026-10-07,940.8400268554688,948.77001953125,937.5999755859376,942.25,COST
2026-10-08,952.9199829101562,953.25,939.5999755859376,947.9199829101562,COST
2026-10-09,945.0,951.2899780273438,942.530029296875,946.9199829101562,COST
2026-09-21,249.41000366210935,250.3800048828125,246.5200042724609,247.8800048828125,MCD
2026-09-22,250.67999267578125,252.05999755859372,249.3699951171875,250.3500061035156,MCD
2026-09-23,250.2899932861328,250.32000732421875,234.02999877929688,238.32000732421875,MCD
2026-09-24,239.6999969482422,242.55999755859372,237.0200042724609,237.0200042724609,MCD
2026-09-25,236.77999877929688,238.0,235.2899932861328,236.5,MCD
2026-09-28,235.7400054931641,237.47999572753903,233.22999572753903,233.6000061035156,MCD
2026-09-29,232.1999969482422,236.00999450683597,232.05999755859372,233.97999572753903,MCD
2026-09-30,234.22999572753903,234.97000122070312,230.8800048828125,230.94000244140625,MCD
2026-10-01,231.5399932861328,232.83999633789065,229.6100006103516,231.8300018310547,MCD
2026-10-02,232.6999969482422,233.0,230.8300018310547,231.88999938964844,MCD
2026-10-05,231.8999938964844,233.0800018310547,229.1999969482422,233.0399932861328,MCD
2026-10-06,233.3500061035156,234.3000030517578,231.6999969482422,232.4499969482422,MCD
2026-10-07,231.8500061035156,233.97999572753903,230.6000061035156,230.8800048828125,MCD
2026-10-08,231.2100067138672,237.5,230.1999969482422,236.8999938964844,MCD
2026-10-09,235.97000122070312,237.5,234.13999938964844,235.22999572753903,MCD
2026-09-21,146.49000549316406,146.80999755859375,145.6300048828125,146.0800018310547,PG
2026-09-22,147.4199981689453,148.25,146.9499969482422,148.22000122070312,PG
2026-09-23,147.8699951171875,148.92999267578125,147.13999938964844,147.38999938964844,PG
2026-09-24,147.74000549316406,149.1999969482422,145.67999267578125,145.67999267578125,PG
2026-09-25,145.97000122070312,146.39999389648438,145.3300018310547,146.22999572753906,PG
2026-09-28,145.86000061035156,149.47999572753906,145.11000061035156,149.02999877929688,PG
2026-09-29,147.9499969482422,148.83999633789062,146.83999633789062,148.32000732421875,PG
2026-09-30,148.89999389648438,149.22999572753906,145.27999877929688,145.27999877929688,PG
2026-10-01,144.5500030517578,145.0,143.39999389648438,143.9499969482422,PG
2026-10-02,144.39999389648438,145.2100067138672,143.80999755859375,144.91000366210938,PG
2026-10-05,145.0,146.08999633789062,144.3800048828125,145.94000244140625,PG
2026-10-06,148.02000427246094,149.67999267578125,147.05999755859375,148.41000366210938,PG
2026-10-07,148.67999267578125,149.6699981689453,147.75999450683594,147.82000732421875,PG
2026-10-08,147.74000549316406,150.75999450683594,147.0500030517578,150.58999633789062,PG
2026-10-09,150.57000732421875,151.60000610351562,149.9199981689453,151.22999572753906,PG
2026-09-21,160.9600067138672,161.9499969482422,157.94000244140625,158.3000030517578,XOM
2026-09-22,157.52999877929688,159.97000122070312,155.85000610351562,158.7100067138672,XOM
2026-09-23,159.6199951171875,162.1199951171875,159.4199981689453,161.22999572753906,XOM
2026-09-24,163.05999755859375,164.91000366210938,161.1999969482422,162.13999938964844,XOM
2026-09-25,160.22999572753906,161.7899932861328,159.77999877929688,160.58999633789062,XOM
2026-09-28,162.8000030517578,163.5399932861328,161.0500030517578,162.52000427246094,XOM
2026-09-29,160.22000122070312,161.97000122070312,159.27000427246094,161.35000610351562,XOM
2026-09-30,162.22999572753906,164.3699951171875,161.8000030517578,162.75,XOM
2026-10-01,161.5,164.0800018310547,160.80999755859375,163.82000732421875,XOM
2026-10-02,161.5500030517578,164.61000061035156,161.5500030517578,164.00999450683594,XOM
2026-10-05,163.75999450683594,164.74000549316406,161.38999938964844,164.0,XOM
2026-10-06,163.05999755859375,165.9499969482422,162.94000244140625,164.47999572753906,XOM
2026-10-07,165.60000610351562,166.86000061035156,163.4600067138672,164.0500030517578,XOM
2026-10-08,167.11000061035156,169.19000244140625,166.7100067138672,168.5,XOM
2026-10-09,167.8699951171875,170.2899932861328,167.82000732421875,168.94000244140625,XOM
2026-09-21,80.41000366210938,80.55000305175781,79.55000305175781,79.62999725341797,NEE
2026-09-22,79.37000274658203,79.80999755859375,79.20999908447266,79.26000213623047,NEE
2026-09-23,79.04000091552734,79.04000091552734,76.87000274658203,77.0199966430664,NEE
2026-09-24,77.04000091552734,77.47000122070312,75.5999984741211,75.62000274658203,NEE
2026-09-25,75.7699966430664,76.27999877929688,75.37999725341797,76.08000183105469,NEE
2026-09-28,76.02999877929688,76.22000122070312,75.1500015258789,75.48999786376953,NEE
2026-09-29,75.08999633789062,76.18000030517578,74.77999877929688,75.88999938964844,NEE
2026-09-30,76.33000183105469,76.5,75.56999969482422,75.73999786376953,NEE
2026-10-01,75.5,76.52999877929688,74.41000366210938,76.3499984741211,NEE
2026-10-02,76.66999816894531,77.69999694824219,76.56999969482422,76.83000183105469,NEE
2026-10-05,76.66999816894531,76.97000122070312,75.88999938964844,76.27999877929688,NEE
2026-10-06,77.0,78.04000091552734,76.33999633789062,77.87999725341797,NEE
2026-10-07,78.16000366210938,78.16000366210938,76.51000213623047,77.05999755859375,NEE
2026-10-08,77.0999984741211,77.62000274658203,76.43000030517578,77.37000274658203,NEE
2026-10-09,76.93000030517578,77.58000183105469,76.87000274658203,77.37999725341797,NEE
2026-09-21,827.0,827.8099975585938,805.239990234375,816.5,CAT
2026-09-22,806.0599975585938,812.4600219726562,802.6099853515625,808.010009765625,CAT
2026-09-23,803.969970703125,816.760009765625,798.530029296875,812.02001953125,CAT
2026-09-24,798.8699951171875,809.1400146484375,794.2000122070312,805.25,CAT
2026-09-25,816.3400268554688,823.0,809.0499877929688,821.5800170898438,CAT
2026-09-28,821.0499877929688,827.5700073242188,808.2000122070312,819.9500122070312,CAT
2026-09-29,826.530029296875,829.739990234375,815.5,826.6400146484375,CAT
2026-09-30,828.5,831.9500122070312,810.0700073242188,810.7899780273438,CAT
2026-10-01,810.5800170898438,833.6199951171875,802.4400024414062,826.3499755859375,CAT
2026-10-02,840.7999877929688,858.8699951171875,836.4600219726562,845.4199829101562,CAT
2026-10-05,843.1699829101562,857.8499755859375,821.77001953125,848.1400146484375,CAT
2026-10-06,853.0,876.9500122070312,851.469970703125,863.4400024414062,CAT
2026-10-07,846.0,846.0,806.2899780273438,813.8300170898438,CAT
2026-10-08,808.7000122070312,821.9099731445312,788.8900146484375,796.1799926757812,CAT
2026-10-09,796.219970703125,804.3099975585938,791.1900024414062,800.469970703125,CAT
2026-09-21,532.2999877929688,537.8200073242188,530.010009765625,535.4000244140625,LMT
2026-09-22,536.8699951171875,537.0,515.5999755859375,522.3400268554688,LMT
2026-09-23,524.5700073242188,534.9299926757812,523.2100219726562,524.6799926757812,LMT
2026-09-24,523.760009765625,531.0,523.3200073242188,523.7000122070312,LMT
2026-09-25,524.1199951171875,528.0,516.489990234375,519.5599975585938,LMT
2026-09-28,519.0,524.27001953125,516.0999755859375,518.0999755859375,LMT
2026-09-29,514.989990234375,519.6900024414062,511.0299987792969,512.2100219726562,LMT
2026-09-30,511.0,513.0,503.739990234375,509.25,LMT
2026-10-01,508.0,511.6900024414063,503.5299987792969,505.5,LMT
2026-10-02,505.7900085449219,507.9700012207031,498.5499877929688,505.4100036621094,LMT
2026-10-05,506.0299987792969,507.3599853515625,501.1199951171875,506.6300048828125,LMT
2026-10-06,509.0,510.8699951171875,504.1799926757813,510.1199951171875,LMT
2026-10-07,509.5799865722656,510.3399963378906,498.7300109863281,499.2200012207031,LMT
2026-10-08,500.0199890136719,509.0799865722656,497.0,507.8900146484375,LMT
2026-10-09,505.0,511.4299926757813,502.6499938964844,509.5899963378906,LMT
