ticker,model,pred,real,Predicted
META,xgb,591.3750667572021,592.9199829101562,2026-03-25
ORCL,lgbm,147.46446279551387,147.08999633789062,2026-03-25
AAPL,arima,251.24874005637935,251.63999938964844,2026-03-25
MA,lgbm,507.1166690379034,498.9299926757813,2026-03-25
ORCL,rf,147.39050744085336,147.08999633789062,2026-03-25
TSLA,lgbm,376.4449685867219,383.0299987792969,2026-03-25
CRM,arima,182.66902098108488,183.0200042724609,2026-03-25
GOOGL,arima,291.0331025701711,290.44000244140625,2026-03-25
TSLA,rf,381.8592994859585,383.0299987792969,2026-03-25
XOM,linreg,152.0054616303441,165.3800048828125,2026-03-25
MSFT,xgb,381.141450881958,372.739990234375,2026-03-25
ASML,rf,1399.7423243457963,1399.4200439453125,2026-03-25
MCD,arima,307.75845312680696,307.8399963378906,2026-03-25
AMZN,lgbm,207.3127845292767,207.2400054931641,2026-03-25
NVDA,arima,175.5533911020986,175.1999969482422,2026-03-25
LMT,lgbm,601.1022715730611,610.1699829101562,2026-03-25
AMZN,linreg,203.5743798655696,207.2400054931641,2026-03-25
V,xgb,309.7926869392395,303.760009765625,2026-03-25
LMT,rf,601.0596057612868,610.1699829101562,2026-03-25
AMD,rf,206.14081892491413,205.3699951171875,2026-03-25
CAT,linreg,720.353869682968,716.6300048828125,2026-03-25
GOOGL,linreg,294.2180080826746,290.44000244140625,2026-03-25
WMT,arima,122.172871910703,122.0500030517578,2026-03-25
UNH,xgb,282.5559730529785,272.2799987792969,2026-03-25
CRM,rf,187.43484164251072,183.0200042724609,2026-03-25
AMD,xgb,205.3901752848178,205.3699951171875,2026-03-25
ORCL,linreg,133.4655894599652,147.08999633789062,2026-03-25
CAT,rf,709.1478311443267,716.6300048828125,2026-03-25
PLTR,linreg,159.4541231166052,154.77999877929688,2026-03-25
MRK,arima,116.49388860793968,116.37000274658205,2026-03-25
AMD,lgbm,204.36329022912332,205.3699951171875,2026-03-25
MSFT,linreg,385.4160305684359,372.739990234375,2026-03-25
COST,lgbm,971.1655145090828,973.8200073242188,2026-03-25
PG,lgbm,143.34493389052733,143.16000366210938,2026-03-25
PG,rf,144.58682172293132,143.16000366210938,2026-03-25
JNJ,linreg,238.94507493241156,235.2700042724609,2026-03-25
LLY,xgb,900.350430727005,903.02001953125,2026-03-25
TSM,lgbm,338.8751011294356,343.25,2026-03-25
MCD,lgbm,308.4145491476359,307.8399963378906,2026-03-25
NEE,xgb,90.72804772853851,91.62000274658205,2026-03-25
MSFT,rf,373.8491911174724,372.739990234375,2026-03-25
V,lgbm,309.7508644445141,303.760009765625,2026-03-25
NVDA,rf,175.6556017385049,175.1999969482422,2026-03-25
LMT,linreg,613.467677375918,610.1699829101562,2026-03-25
JNJ,rf,235.33448695121425,235.2700042724609,2026-03-25
MCD,rf,307.418621264717,307.8399963378906,2026-03-25
JNJ,lgbm,235.08183686265824,235.2700042724609,2026-03-25
AMZN,arima,206.91876368062103,207.2400054931641,2026-03-25
GOOGL,lgbm,292.7541650227827,290.44000244140625,2026-03-25
AAPL,lgbm,249.00835781245308,251.63999938964844,2026-03-25
NVDA,linreg,176.35352669051983,175.1999969482422,2026-03-25
NVDA,lgbm,175.10182241295598,175.1999969482422,2026-03-25
CAT,arima,717.6711856449866,716.6300048828125,2026-03-25
LMT,xgb,608.9922614097595,610.1699829101562,2026-03-25
TSM,xgb,342.4914710521698,343.25,2026-03-25
MA,rf,510.0005922355312,498.9299926757813,2026-03-25
TSM,linreg,344.86158937224224,343.25,2026-03-25
PLTR,lgbm,154.4447628034192,154.77999877929688,2026-03-25
MA,linreg,506.6580674771079,498.9299926757813,2026-03-25
AMD,arima,205.953606191646,205.3699951171875,2026-03-25
CRM,linreg,198.12077962525967,183.0200042724609,2026-03-25
WMT,linreg,118.31330837559116,122.0500030517578,2026-03-25
META,rf,592.9276727222699,592.9199829101562,2026-03-25
META,linreg,626.0534009926458,592.9199829101562,2026-03-25
WMT,xgb,121.58309999108312,122.0500030517578,2026-03-25
JPM,rf,292.6783996556178,292.3999938964844,2026-03-25
ORCL,arima,147.19095945782456,147.08999633789062,2026-03-25
META,lgbm,592.6148188713954,592.9199829101562,2026-03-25
ASML,xgb,1399.1318792700768,1399.4200439453125,2026-03-25
PG,xgb,145.0192085504532,143.16000366210938,2026-03-25
GOOGL,xgb,292.44540643692017,290.44000244140625,2026-03-25
AAPL,linreg,244.5780966827496,251.63999938964844,2026-03-25
AMZN,xgb,206.26838362216952,207.2400054931641,2026-03-25
TSLA,xgb,377.767463684082,383.0299987792969,2026-03-25
PLTR,xgb,155.9195396900177,154.77999877929688,2026-03-25
NEE,linreg,88.20837716082497,91.62000274658205,2026-03-25
BRK-B,rf,479.6169800849773,479.3299865722656,2026-03-25
JPM,lgbm,291.31673712109045,292.3999938964844,2026-03-25
CRM,lgbm,186.25987336404916,183.0200042724609,2026-03-25
V,arima,303.582252049196,303.760009765625,2026-03-25
V,linreg,322.87935231161475,303.760009765625,2026-03-25
TSM,rf,340.71881729843966,343.25,2026-03-25
BRK-B,linreg,482.9863159639017,479.3299865722656,2026-03-25
MRK,xgb,114.9687933921814,116.37000274658205,2026-03-25
PLTR,rf,155.5064169928884,154.77999877929688,2026-03-25
WMT,lgbm,121.108578623846,122.0500030517578,2026-03-25
XOM,lgbm,164.5576663527021,165.3800048828125,2026-03-25
JPM,arima,292.71463737571366,292.3999938964844,2026-03-25
NEE,lgbm,91.3124112168027,91.62000274658205,2026-03-25
TSM,arima,343.0980028532491,343.25,2026-03-25
UNH,lgbm,279.1877941750454,272.2799987792969,2026-03-25
MCD,linreg,311.605047623873,307.8399963378906,2026-03-25
UNH,rf,274.8469245344104,272.2799987792969,2026-03-25
BRK-B,xgb,483.9212684631348,479.3299865722656,2026-03-25
PG,linreg,142.0142079057123,143.16000366210938,2026-03-25
MRK,rf,115.4594374657479,116.37000274658205,2026-03-25
TSLA,linreg,378.8824044964383,383.0299987792969,2026-03-25
CRM,xgb,185.0135089159012,183.0200042724609,2026-03-25
AVGO,linreg,315.14604184782934,318.2900085449219,2026-03-25
BRK-B,lgbm,481.66852542963824,479.3299865722656,2026-03-25
UNH,linreg,273.8420376686886,272.2799987792969,2026-03-25
LLY,rf,913.1490999279836,903.02001953125,2026-03-25
XOM,rf,163.44804061772484,165.3800048828125,2026-03-25
MCD,xgb,308.52199602127075,307.8399963378906,2026-03-25
PG,arima,143.11098951541894,143.16000366210938,2026-03-25
AVGO,rf,326.24406946703,318.2900085449219,2026-03-25
NEE,rf,91.0097082158992,91.62000274658205,2026-03-25
UNH,arima,272.4714876026412,272.2799987792969,2026-03-25
GOOGL,rf,291.5021972235554,290.44000244140625,2026-03-25
AAPL,xgb,251.465997248888,251.63999938964844,2026-03-25
COST,rf,974.3319064028768,973.8200073242188,2026-03-25
XOM,xgb,161.7763159275055,165.3800048828125,2026-03-25
NEE,arima,91.65959739638082,91.62000274658205,2026-03-25
COST,linreg,933.1054913911596,973.8200073242188,2026-03-25
MSFT,lgbm,377.49888465447486,372.739990234375,2026-03-25
AVGO,xgb,318.29822221398354,318.2900085449219,2026-03-25
AVGO,lgbm,319.9581425646644,318.2900085449219,2026-03-25
JNJ,arima,235.5045721326508,235.2700042724609,2026-03-25
AMZN,rf,207.6903545437284,207.2400054931641,2026-03-25
MA,xgb,507.68279647827154,498.9299926757813,2026-03-25
CAT,lgbm,712.8973496655868,716.6300048828125,2026-03-25
JNJ,xgb,236.07114750146863,235.2700042724609,2026-03-25
NVDA,xgb,175.07115913927555,175.1999969482422,2026-03-25
MSFT,arima,372.9069305493597,372.739990234375,2026-03-25
COST,arima,973.9388453251398,973.8200073242188,2026-03-25
PLTR,arima,155.09777184220047,154.77999877929688,2026-03-25
COST,xgb,968.3637428283693,973.8200073242188,2026-03-25
JPM,linreg,292.6316886402457,292.3999938964844,2026-03-25
AAPL,rf,251.44685134852227,251.63999938964844,2026-03-25
LLY,lgbm,908.5405266673348,903.02001953125,2026-03-25
BRK-B,arima,479.47162401245487,479.3299865722656,2026-03-25
LLY,arima,905.4285705251192,903.02001953125,2026-03-25
ASML,linreg,1509.3655500778736,1399.4200439453125,2026-03-25
ASML,lgbm,1396.8447812207503,1399.4200439453125,2026-03-25
AVGO,arima,318.7683563128294,318.2900085449219,2026-03-25
V,rf,307.89902339150217,303.760009765625,2026-03-25
WMT,rf,121.8307511072315,122.0500030517578,2026-03-25
META,arima,592.9276816895369,592.9199829101562,2026-03-25
MA,arima,498.4778165348452,498.9299926757813,2026-03-25
ASML,arima,1401.0656461034098,1399.4200439453125,2026-03-25
MRK,lgbm,116.0181784765538,116.37000274658205,2026-03-25
LLY,linreg,900.8094272912508,903.02001953125,2026-03-25
TSLA,arima,384.3769373370019,383.0299987792969,2026-03-25
CAT,xgb,697.0870189666748,716.6300048828125,2026-03-25
ORCL,xgb,146.7703174352646,147.08999633789062,2026-03-25
JPM,xgb,292.8626925945282,292.3999938964844,2026-03-25
XOM,arima,165.3968054030788,165.3800048828125,2026-03-25
LMT,arima,610.0197397936172,610.1699829101562,2026-03-25
MRK,linreg,114.17805869664134,116.37000274658205,2026-03-25
AMD,linreg,204.9694838696359,205.3699951171875,2026-03-25
META,xgb,601.4347267150879,604.0599975585938,2026-03-24
ORCL,lgbm,154.58833806317887,154.33999633789062,2026-03-24
AAPL,arima,251.09874615989503,251.4900054931641,2026-03-24
MA,lgbm,500.99404259433743,500.3800048828125,2026-03-24
ORCL,rf,153.9067735231749,154.33999633789062,2026-03-24
TSLA,lgbm,380.1917188446397,380.8500061035156,2026-03-24
CRM,arima,194.8290093844052,195.17999267578125,2026-03-24
GOOGL,arima,302.6530976873585,302.0599975585937,2026-03-24
TSLA,rf,380.28951496776494,380.8500061035156,2026-03-24
XOM,linreg,147.21994445804145,161.1300048828125,2026-03-24
MSFT,xgb,385.2272880077362,383.0,2026-03-24
ASML,rf,1370.4208312668395,1369.6199951171875,2026-03-24
MCD,arima,308.38845800961946,308.4700012207031,2026-03-24
AMZN,lgbm,210.19672655347705,210.13999938964844,2026-03-24
NVDA,arima,175.99339354350485,175.63999938964844,2026-03-24
LMT,lgbm,612.2588808402652,616.25,2026-03-24
AMZN,linreg,206.73839965089516,210.13999938964844,2026-03-24
V,xgb,309.4271197319031,304.44000244140625,2026-03-24
LMT,rf,608.4082535960822,616.25,2026-03-24
AMD,rf,202.91198456760208,202.67999267578125,2026-03-24
CAT,linreg,705.749006001937,701.7000122070312,2026-03-24
GOOGL,linreg,304.5969491502356,302.0599975585937,2026-03-24
WMT,arima,120.84287007964832,120.72000122070312,2026-03-24
UNH,xgb,272.0391542911529,269.5400085449219,2026-03-24
CRM,rf,199.43278198931372,195.17999267578125,2026-03-24
AMD,xgb,202.7001728434116,202.67999267578125,2026-03-24
ORCL,linreg,144.44261053224605,154.33999633789062,2026-03-24
CAT,rf,693.8406679634722,701.7000122070312,2026-03-24
PLTR,linreg,164.98775408030536,160.83999633789062,2026-03-24
MRK,arima,115.80388616653342,115.68000030517578,2026-03-24
AMD,lgbm,201.9351931487068,202.67999267578125,2026-03-24
MSFT,linreg,391.1048643578517,383.0,2026-03-24
COST,lgbm,967.6877701075208,965.72998046875,2026-03-24
PG,lgbm,145.2376267881063,143.99000549316406,2026-03-24
PG,rf,145.32234443721063,143.99000549316406,2026-03-24
JNJ,linreg,237.4453226981494,235.4199981689453,2026-03-24
LLY,xgb,914.2267122268676,910.5499877929688,2026-03-24
TSM,lgbm,333.385569703469,338.45001220703125,2026-03-24
MCD,lgbm,307.0300063448899,308.4700012207031,2026-03-24
NEE,xgb,89.39990401268005,90.2300033569336,2026-03-24
MSFT,rf,384.0605427117204,383.0,2026-03-24
V,lgbm,309.9461188426091,304.44000244140625,2026-03-24
NVDA,rf,176.14318991863578,175.63999938964844,2026-03-24
LMT,linreg,616.8117792368992,616.25,2026-03-24
JNJ,rf,235.65261374370203,235.4199981689453,2026-03-24
MCD,rf,307.81532207132005,308.4700012207031,2026-03-24
JNJ,lgbm,235.3586098604001,235.4199981689453,2026-03-24
AMZN,arima,209.81875757710537,210.13999938964844,2026-03-24
GOOGL,lgbm,300.7250662826452,302.0599975585937,2026-03-24
AAPL,lgbm,250.15448600580672,251.4900054931641,2026-03-24
NVDA,linreg,180.7897649272064,175.63999938964844,2026-03-24
NVDA,lgbm,176.40019838881037,175.63999938964844,2026-03-24
CAT,arima,702.7411929692054,701.7000122070312,2026-03-24
LMT,xgb,614.9214745759964,616.25,2026-03-24
TSM,xgb,337.7775008678436,338.45001220703125,2026-03-24
MA,rf,503.1620086213224,500.3800048828125,2026-03-24
TSM,linreg,335.13064913618047,338.45001220703125,2026-03-24
PLTR,lgbm,162.72200309037913,160.83999633789062,2026-03-24
MA,linreg,509.3169046793199,500.3800048828125,2026-03-24
AMD,arima,203.26360375023967,202.67999267578125,2026-03-24
CRM,linreg,210.06059942907805,195.17999267578125,2026-03-24
WMT,linreg,115.41573006004752,120.72000122070312,2026-03-24
META,rf,602.7467965366078,604.0599975585938,2026-03-24
META,linreg,637.0978671539972,604.0599975585938,2026-03-24
WMT,xgb,119.8928759098053,120.72000122070312,2026-03-24
JPM,rf,290.7359502362158,289.9100036621094,2026-03-24
ORCL,arima,154.44095945782456,154.33999633789062,2026-03-24
META,lgbm,608.2515542363949,604.0599975585938,2026-03-24
ASML,xgb,1371.5702885389328,1369.6199951171875,2026-03-24
PG,xgb,145.29217505455017,143.99000549316406,2026-03-24
GOOGL,xgb,301.97553966939444,302.0599975585937,2026-03-24
AAPL,linreg,247.2848914406096,251.4900054931641,2026-03-24
AMZN,xgb,210.9403166770935,210.13999938964844,2026-03-24
TSLA,xgb,377.8455767631531,380.8500061035156,2026-03-24
PLTR,xgb,161.17895847558975,160.83999633789062,2026-03-24
NEE,linreg,87.26088646262394,90.2300033569336,2026-03-24
BRK-B,rf,481.0904564911164,479.9800109863281,2026-03-24
JPM,lgbm,290.0949347810305,289.9100036621094,2026-03-24
CRM,lgbm,197.3759614937229,195.17999267578125,2026-03-24
V,arima,304.2622447249772,304.44000244140625,2026-03-24
V,linreg,326.36474503979525,304.44000244140625,2026-03-24
TSM,rf,336.7658045329924,338.45001220703125,2026-03-24
BRK-B,linreg,486.00914175629634,479.9800109863281,2026-03-24
MRK,xgb,114.57990145683289,115.68000030517578,2026-03-24
PLTR,rf,161.60989616010272,160.83999633789062,2026-03-24
WMT,lgbm,119.59157423578516,120.72000122070312,2026-03-24
XOM,lgbm,160.17354282368183,161.1300048828125,2026-03-24
JPM,arima,290.22464714133866,289.9100036621094,2026-03-24
NEE,lgbm,89.7475231380903,90.2300033569336,2026-03-24
TSM,arima,338.2980150602804,338.45001220703125,2026-03-24
UNH,lgbm,272.40466757333456,269.5400085449219,2026-03-24
MCD,linreg,313.37099290819566,308.4700012207031,2026-03-24
UNH,rf,271.8696013106036,269.5400085449219,2026-03-24
BRK-B,xgb,481.4414567947388,479.9800109863281,2026-03-24
PG,linreg,141.64880620631777,143.99000549316406,2026-03-24
MRK,rf,114.76120722184886,115.68000030517578,2026-03-24
TSLA,linreg,380.0331803303808,380.8500061035156,2026-03-24
CRM,xgb,199.18104696273804,195.17999267578125,2026-03-24
AVGO,linreg,316.0882520356471,322.510009765625,2026-03-24
BRK-B,lgbm,483.6931016627154,479.9800109863281,2026-03-24
UNH,linreg,274.2723330507776,269.5400085449219,2026-03-24
LLY,rf,918.6104621581012,910.5499877929688,2026-03-24
XOM,rf,159.4841823486302,161.1300048828125,2026-03-24
MCD,xgb,309.3136668801308,308.4700012207031,2026-03-24
PG,arima,143.94099134647362,143.99000549316406,2026-03-24
AVGO,rf,323.9465690851913,322.510009765625,2026-03-24
NEE,rf,89.67950408081208,90.2300033569336,2026-03-24
UNH,arima,269.7314973682662,269.5400085449219,2026-03-24
GOOGL,rf,301.9769790817724,302.0599975585937,2026-03-24
AAPL,xgb,252.78148698806768,251.4900054931641,2026-03-24
COST,rf,967.5967706725644,965.72998046875,2026-03-24
XOM,xgb,158.5969066619873,161.1300048828125,2026-03-24
NEE,arima,90.26959800673237,90.2300033569336,2026-03-24
COST,linreg,926.5313934758624,965.72998046875,2026-03-24
MSFT,lgbm,386.80161673733454,383.0,2026-03-24
AVGO,xgb,322.59716156870127,322.510009765625,2026-03-24
AVGO,lgbm,323.5975750566031,322.510009765625,2026-03-24
JNJ,arima,235.6545660291352,235.4199981689453,2026-03-24
AMZN,rf,210.5021681331735,210.13999938964844,2026-03-24
MA,xgb,504.7187466621399,500.3800048828125,2026-03-24
CAT,lgbm,702.5323898922012,701.7000122070312,2026-03-24
JNJ,xgb,236.07775056362152,235.4199981689453,2026-03-24
NVDA,xgb,175.00135177373886,175.63999938964844,2026-03-24
MSFT,arima,383.1669403149848,383.0,2026-03-24
COST,arima,965.8488184696712,965.72998046875,2026-03-24
PLTR,arima,161.15776940079422,160.83999633789062,2026-03-24
COST,xgb,964.7816838026048,965.72998046875,2026-03-24
JPM,linreg,292.5061787867107,289.9100036621094,2026-03-24
AAPL,rf,251.73264376778627,251.4900054931641,2026-03-24
LLY,lgbm,917.4765082445372,910.5499877929688,2026-03-24
BRK-B,arima,480.12164842651737,479.9800109863281,2026-03-24
LLY,arima,912.958538786838,910.5499877929688,2026-03-24
ASML,linreg,1480.327203485287,1369.6199951171875,2026-03-24
ASML,lgbm,1368.4106278084564,1369.6199951171875,2026-03-24
AVGO,arima,322.9883575335325,322.510009765625,2026-03-24
V,rf,307.9600253339627,304.44000244140625,2026-03-24
WMT,rf,120.42854437313038,120.72000122070312,2026-03-24
META,arima,604.0676963379744,604.0599975585938,2026-03-24
MA,arima,499.92782874187634,500.3800048828125,2026-03-24
ASML,arima,1371.2655972752848,1369.6199951171875,2026-03-24
MRK,lgbm,115.92700365275545,115.68000030517578,2026-03-24
LLY,linreg,924.8089245684708,910.5499877929688,2026-03-24
TSLA,arima,382.19694466122064,380.8500061035156,2026-03-24
CAT,xgb,682.1572818756104,701.7000122070312,2026-03-24
ORCL,xgb,154.06833064556122,154.33999633789062,2026-03-24
JPM,xgb,290.64665776491165,289.9100036621094,2026-03-24
XOM,arima,161.1468054030788,161.1300048828125,2026-03-24
LMT,arima,616.0997568834609,616.25,2026-03-24
MRK,linreg,113.92013257631685,115.68000030517578,2026-03-24
AMD,linreg,204.64966927884768,202.67999267578125,2026-03-24
META,xgb,608.9510021209717,593.6599731445312,2026-03-23
ORCL,lgbm,148.88736922286304,149.67999267578125,2026-03-23
AAPL,arima,247.59874615989503,247.9900054931641,2026-03-23
MA,lgbm,501.5507295404203,496.3200073242188,2026-03-23
ORCL,rf,150.11539161221725,149.67999267578125,2026-03-23
TSLA,lgbm,367.6347731257263,367.9599914550781,2026-03-23
CRM,arima,195.02902159143645,195.3800048828125,2026-03-23
GOOGL,arima,301.59310012876483,301.0,2026-03-23
TSLA,rf,369.9076923328636,367.9599914550781,2026-03-23
XOM,linreg,149.01609773238948,159.6699981689453,2026-03-23
MSFT,xgb,383.9046483039856,381.8699951171875,2026-03-23
ASML,rf,1320.6414769131045,1317.25,2026-03-23
MCD,arima,308.768462892432,308.8500061035156,2026-03-23
AMZN,lgbm,204.2401436848216,205.3699951171875,2026-03-23
NVDA,arima,173.0533911020986,172.6999969482422,2026-03-23
LMT,lgbm,623.7276102656806,627.4299926757812,2026-03-23
AMZN,linreg,201.2477380400713,205.3699951171875,2026-03-23
V,xgb,311.32420349121094,301.6199951171875,2026-03-23
LMT,rf,619.4217653055246,627.4299926757812,2026-03-23
AMD,rf,201.83718197430565,201.3300018310547,2026-03-23
CAT,linreg,690.9956274269035,680.8800048828125,2026-03-23
GOOGL,linreg,304.6546542058777,301.0,2026-03-23
WMT,arima,119.1428655020116,119.0199966430664,2026-03-23
UNH,xgb,281.1597762107849,275.5899963378906,2026-03-23
CRM,rf,199.54226293449932,195.3800048828125,2026-03-23
AMD,xgb,201.49519549310207,201.3300018310547,2026-03-23
ORCL,linreg,138.540938756328,149.67999267578125,2026-03-23
CAT,rf,674.0697982690174,680.8800048828125,2026-03-23
PLTR,linreg,157.19470044841034,150.67999267578125,2026-03-23
MRK,arima,114.30388616653342,114.18000030517578,2026-03-23
AMD,lgbm,200.68248056764105,201.3300018310547,2026-03-23
MSFT,linreg,391.3896840182082,381.8699951171875,2026-03-23
COST,lgbm,975.0522590573294,972.3300170898438,2026-03-23
PG,lgbm,145.91687339548338,144.27999877929688,2026-03-23
PG,rf,145.58613808930676,144.27999877929688,2026-03-23
JNJ,linreg,237.3108319057028,235.3699951171875,2026-03-23
LLY,xgb,895.8935499191284,906.7000122070312,2026-03-23
TSM,lgbm,327.4412416957465,329.239990234375,2026-03-23
MCD,lgbm,307.4010513724814,308.8500061035156,2026-03-23
NEE,xgb,89.01640877127647,89.5,2026-03-23
MSFT,rf,382.36360415924025,381.8699951171875,2026-03-23
V,lgbm,306.6322864422003,301.6199951171875,2026-03-23
NVDA,rf,173.81788972152984,172.6999969482422,2026-03-23
LMT,linreg,624.9931317901695,627.4299926757812,2026-03-23
JNJ,rf,235.60500913411605,235.3699951171875,2026-03-23
MCD,rf,308.17908718307285,308.8500061035156,2026-03-23
JNJ,lgbm,235.71428465737813,235.3699951171875,2026-03-23
AMZN,arima,205.04875330464444,205.3699951171875,2026-03-23
GOOGL,lgbm,303.8224241394749,301.0,2026-03-23
AAPL,lgbm,247.0044832768856,247.9900054931641,2026-03-23
NVDA,linreg,181.74095048300876,172.6999969482422,2026-03-23
NVDA,lgbm,174.17652657975313,172.6999969482422,2026-03-23
CAT,arima,681.9211856449866,680.8800048828125,2026-03-23
LMT,xgb,627.1194629967213,627.4299926757812,2026-03-23
TSM,xgb,331.360711812973,329.239990234375,2026-03-23
MA,rf,500.4822929114205,496.3200073242188,2026-03-23
TSM,linreg,331.37306524108686,329.239990234375,2026-03-23
PLTR,lgbm,152.01439078147277,150.67999267578125,2026-03-23
MA,linreg,508.3358754756515,496.3200073242188,2026-03-23
AMD,arima,201.9136129055132,201.3300018310547,2026-03-23
CRM,linreg,202.20282305208207,195.3800048828125,2026-03-23
WMT,linreg,113.6580521804652,119.0199966430664,2026-03-23
META,rf,596.111964820121,593.6599731445312,2026-03-23
META,linreg,631.2632559843711,593.6599731445312,2026-03-23
WMT,xgb,118.40153419971466,119.0199966430664,2026-03-23
JPM,rf,287.4773749924239,286.5599975585937,2026-03-23
ORCL,arima,149.7809557957152,149.67999267578125,2026-03-23
META,lgbm,599.3653340404951,593.6599731445312,2026-03-23
ASML,xgb,1334.9928913116455,1317.25,2026-03-23
PG,xgb,145.82813489437103,144.27999877929688,2026-03-23
GOOGL,xgb,303.0492157936096,301.0,2026-03-23
AAPL,linreg,243.30900050723227,247.9900054931641,2026-03-23
AMZN,xgb,205.08137267827988,205.3699951171875,2026-03-23
TSLA,xgb,379.6726408004761,367.9599914550781,2026-03-23
PLTR,xgb,151.921240568161,150.67999267578125,2026-03-23
NEE,linreg,86.1155252839291,89.5,2026-03-23
BRK-B,rf,481.6140085118794,480.9400024414063,2026-03-23
JPM,lgbm,288.4561438096314,286.5599975585937,2026-03-23
CRM,lgbm,200.13870335852576,195.3800048828125,2026-03-23
V,arima,301.4422374007585,301.6199951171875,2026-03-23
V,linreg,321.1337945882208,301.6199951171875,2026-03-23
TSM,rf,329.6953971382492,329.239990234375,2026-03-23
BRK-B,linreg,482.79121485989896,480.9400024414063,2026-03-23
MRK,xgb,112.98291778564452,114.18000030517578,2026-03-23
PLTR,rf,151.67981387075716,150.67999267578125,2026-03-23
WMT,lgbm,117.92934021160572,119.0199966430664,2026-03-23
XOM,lgbm,158.59269444990565,159.6699981689453,2026-03-23
JPM,arima,286.874641037823,286.5599975585937,2026-03-23
NEE,lgbm,88.86613374299824,89.5,2026-03-23
TSM,arima,329.0879930876241,329.239990234375,2026-03-23
UNH,lgbm,277.31362847006176,275.5899963378906,2026-03-23
MCD,linreg,314.84104993633207,308.8500061035156,2026-03-23
UNH,rf,278.9193292549811,275.5899963378906,2026-03-23
BRK-B,xgb,483.4999685287476,480.9400024414063,2026-03-23
PG,linreg,140.9887495657177,144.27999877929688,2026-03-23
MRK,rf,113.21281245779214,114.18000030517578,2026-03-23
TSLA,linreg,376.00065094562655,367.9599914550781,2026-03-23
CRM,xgb,198.4905080795288,195.3800048828125,2026-03-23
AVGO,linreg,310.12932257022203,310.510009765625,2026-03-23
BRK-B,lgbm,484.7659481354694,480.9400024414063,2026-03-23
UNH,linreg,281.5741535324645,275.5899963378906,2026-03-23
LLY,rf,918.6710569884046,906.7000122070312,2026-03-23
XOM,rf,157.8089815146363,159.6699981689453,2026-03-23
MCD,xgb,309.04034769535065,308.8500061035156,2026-03-23
PG,arima,144.23098463260644,144.27999877929688,2026-03-23
AVGO,rf,313.0519144772969,310.510009765625,2026-03-23
NEE,rf,88.68134240463534,89.5,2026-03-23
UNH,arima,275.78148516123497,275.5899963378906,2026-03-23
GOOGL,rf,301.3664624056419,301.0,2026-03-23
AAPL,xgb,248.2748824954033,247.9900054931641,2026-03-23
COST,rf,973.3398181356844,972.3300170898438,2026-03-23
XOM,xgb,157.1083836555481,159.6699981689453,2026-03-23
NEE,arima,89.53959464979877,89.5,2026-03-23
COST,linreg,936.0527033012088,972.3300170898438,2026-03-23
MSFT,lgbm,381.3658445218732,381.8699951171875,2026-03-23
AVGO,xgb,311.69669568538666,310.510009765625,2026-03-23
AVGO,lgbm,313.29349870861046,310.510009765625,2026-03-23
JNJ,arima,235.60456297737736,235.3699951171875,2026-03-23
AMZN,rf,205.8195891655454,205.3699951171875,2026-03-23
MA,xgb,501.7184572219849,496.3200073242188,2026-03-23
CAT,lgbm,683.8328544940705,680.8800048828125,2026-03-23
JNJ,xgb,236.23639315366745,235.3699951171875,2026-03-23
NVDA,xgb,172.77814101427794,172.6999969482422,2026-03-23
MSFT,arima,382.0369354321722,381.8699951171875,2026-03-23
COST,arima,972.4488550907648,972.3300170898438,2026-03-23
PLTR,arima,150.99776573868485,150.67999267578125,2026-03-23
COST,xgb,969.4219241142272,972.3300170898438,2026-03-23
JPM,linreg,290.2842351047802,286.5599975585937,2026-03-23
AAPL,rf,248.46080730983013,247.9900054931641,2026-03-23
LLY,lgbm,908.3885736361664,906.7000122070312,2026-03-23
BRK-B,arima,481.0816398815956,480.9400024414063,2026-03-23
LLY,arima,909.1085632009004,906.7000122070312,2026-03-23
ASML,linreg,1429.5978281850598,1317.25,2026-03-23
ASML,lgbm,1330.6099112793215,1317.25,2026-03-23
AVGO,arima,310.9883575335325,310.510009765625,2026-03-23
V,rf,308.2150359518355,301.6199951171875,2026-03-23
WMT,rf,118.68841289417742,119.0199966430664,2026-03-23
META,arima,593.6676719239119,593.6599731445312,2026-03-23
MA,arima,495.86783118328265,496.3200073242188,2026-03-23
ASML,arima,1318.8956021580973,1317.25,2026-03-23
MRK,lgbm,114.83586996751588,114.18000030517578,2026-03-23
LLY,linreg,911.5271672833516,906.7000122070312,2026-03-23
TSLA,arima,369.3069300127832,367.9599914550781,2026-03-23
CAT,xgb,670.2236261367798,680.8800048828125,2026-03-23
ORCL,xgb,150.89881670475006,149.67999267578125,2026-03-23
JPM,xgb,287.93820858001703,286.5599975585937,2026-03-23
XOM,arima,159.6867986892116,159.6699981689453,2026-03-23
LMT,arima,627.2797495592422,627.4299926757812,2026-03-23
MRK,linreg,112.5348356925876,114.18000030517578,2026-03-23
AMD,linreg,207.4827501917018,201.3300018310547,2026-03-23
META,xgb,609.1170015335083,593.6599731445312,2026-03-23
ORCL,lgbm,150.2912622226632,149.67999267578125,2026-03-23
AAPL,arima,247.59874615989503,247.9900054931641,2026-03-23
MA,lgbm,501.5507295404203,496.3200073242188,2026-03-23
ORCL,rf,149.8789743624562,149.67999267578125,2026-03-23
TSLA,lgbm,367.6347731257263,367.9599914550781,2026-03-23
CRM,arima,195.02902159143645,195.3800048828125,2026-03-23
GOOGL,arima,301.59310012876483,301.0,2026-03-23
TSLA,rf,369.9076923328636,367.9599914550781,2026-03-23
XOM,linreg,149.1479052780163,159.6699981689453,2026-03-23
MSFT,xgb,383.9046483039856,381.8699951171875,2026-03-23
ASML,rf,1320.6414769131045,1317.25,2026-03-23
MCD,arima,308.768462892432,308.8500061035156,2026-03-23
AMZN,lgbm,204.2401436848216,205.3699951171875,2026-03-23
NVDA,arima,173.0533911020986,172.6999969482422,2026-03-23
LMT,lgbm,623.7276102656806,627.4299926757812,2026-03-23
AMZN,linreg,201.4539275440687,205.3699951171875,2026-03-23
V,xgb,307.6943597793579,301.6199951171875,2026-03-23
LMT,rf,620.7511118436,627.4299926757812,2026-03-23
AMD,rf,201.8126548199804,201.3300018310547,2026-03-23
CAT,linreg,690.6394675582048,680.8800048828125,2026-03-23
GOOGL,linreg,304.8515033645556,301.0,2026-03-23
WMT,arima,119.1428655020116,119.0199966430664,2026-03-23
UNH,xgb,279.60049629211426,275.5899963378906,2026-03-23
CRM,rf,199.54226293449932,195.3800048828125,2026-03-23
AMD,xgb,201.49519549310207,201.3300018310547,2026-03-23
ORCL,linreg,138.45662073815885,149.67999267578125,2026-03-23
CAT,rf,667.3968114733276,680.8800048828125,2026-03-23
PLTR,linreg,156.9167209429196,150.67999267578125,2026-03-23
MRK,arima,114.30388616653342,114.18000030517578,2026-03-23
AMD,lgbm,200.53062401606977,201.3300018310547,2026-03-23
MSFT,linreg,390.3974448325104,381.8699951171875,2026-03-23
COST,lgbm,975.0522590573294,972.3300170898438,2026-03-23
PG,lgbm,145.91687339548338,144.27999877929688,2026-03-23
PG,rf,145.58613808930676,144.27999877929688,2026-03-23
JNJ,linreg,237.55439312666132,235.3699951171875,2026-03-23
LLY,xgb,909.6107218265532,906.7000122070312,2026-03-23
TSM,lgbm,327.4412416957465,329.239990234375,2026-03-23
MCD,lgbm,307.6597949036746,308.8500061035156,2026-03-23
NEE,xgb,89.01640877127647,89.5,2026-03-23
MSFT,rf,380.9188541654894,381.8699951171875,2026-03-23
V,lgbm,306.9586933579752,301.6199951171875,2026-03-23
NVDA,rf,173.83983631419076,172.6999969482422,2026-03-23
LMT,linreg,625.0149523011331,627.4299926757812,2026-03-23
JNJ,rf,235.60500913411605,235.3699951171875,2026-03-23
MCD,rf,308.5141253213262,308.8500061035156,2026-03-23
JNJ,lgbm,235.71428465737813,235.3699951171875,2026-03-23
AMZN,arima,205.04875330464444,205.3699951171875,2026-03-23
GOOGL,lgbm,303.8224241394749,301.0,2026-03-23
AAPL,lgbm,247.5624549434036,247.9900054931641,2026-03-23
NVDA,linreg,182.23501260283064,172.6999969482422,2026-03-23
NVDA,lgbm,174.17652657975313,172.6999969482422,2026-03-23
CAT,arima,681.9211856449866,680.8800048828125,2026-03-23
LMT,xgb,627.1194629967213,627.4299926757812,2026-03-23
TSM,xgb,331.360711812973,329.239990234375,2026-03-23
MA,rf,504.82200738714295,496.3200073242188,2026-03-23
TSM,linreg,331.8844301200203,329.239990234375,2026-03-23
PLTR,lgbm,150.71936969463465,150.67999267578125,2026-03-23
MA,linreg,507.65856524023553,496.3200073242188,2026-03-23
AMD,arima,201.9136129055132,201.3300018310547,2026-03-23
CRM,linreg,204.1418085849604,195.3800048828125,2026-03-23
WMT,linreg,113.1956254719476,119.0199966430664,2026-03-23
META,rf,596.111964820121,593.6599731445312,2026-03-23
META,linreg,632.6722453029312,593.6599731445312,2026-03-23
WMT,xgb,118.40153419971466,119.0199966430664,2026-03-23
JPM,rf,287.4773749924239,286.5599975585937,2026-03-23
ORCL,arima,149.7809557957152,149.67999267578125,2026-03-23
META,lgbm,599.3653340404951,593.6599731445312,2026-03-23
ASML,xgb,1334.9928913116455,1317.25,2026-03-23
PG,xgb,145.82813489437103,144.27999877929688,2026-03-23
GOOGL,xgb,303.0492157936096,301.0,2026-03-23
AAPL,linreg,243.12032245806324,247.9900054931641,2026-03-23
AMZN,xgb,204.67749565839767,205.3699951171875,2026-03-23
TSLA,xgb,367.64390301704407,367.9599914550781,2026-03-23
PLTR,xgb,151.921240568161,150.67999267578125,2026-03-23
NEE,linreg,86.00155245562927,89.5,2026-03-23
BRK-B,rf,481.6140085118794,480.9400024414063,2026-03-23
JPM,lgbm,288.4561438096314,286.5599975585937,2026-03-23
CRM,lgbm,197.67752278246687,195.3800048828125,2026-03-23
V,arima,301.4422374007585,301.6199951171875,2026-03-23
V,linreg,321.87819186223726,301.6199951171875,2026-03-23
TSM,rf,329.6953971382492,329.239990234375,2026-03-23
BRK-B,linreg,483.1355544370225,480.9400024414063,2026-03-23
MRK,xgb,113.03444337844849,114.18000030517578,2026-03-23
PLTR,rf,151.67981387075716,150.67999267578125,2026-03-23
WMT,lgbm,117.92934021160572,119.0199966430664,2026-03-23
XOM,lgbm,157.53686604379095,159.6699981689453,2026-03-23
JPM,arima,286.874641037823,286.5599975585937,2026-03-23
NEE,lgbm,88.86613374299824,89.5,2026-03-23
TSM,arima,329.0879930876241,329.239990234375,2026-03-23
UNH,lgbm,277.31362847006176,275.5899963378906,2026-03-23
MCD,linreg,314.3488018452638,308.8500061035156,2026-03-23
UNH,rf,277.5623081326632,275.5899963378906,2026-03-23
BRK-B,xgb,483.0764560699464,480.9400024414063,2026-03-23
PG,linreg,144.03812807158982,144.27999877929688,2026-03-23
MRK,rf,113.17578752587252,114.18000030517578,2026-03-23
TSLA,linreg,374.7507955468265,367.9599914550781,2026-03-23
CRM,xgb,198.4905080795288,195.3800048828125,2026-03-23
AVGO,linreg,310.12932257022203,310.510009765625,2026-03-23
BRK-B,lgbm,484.7659481354694,480.9400024414063,2026-03-23
UNH,linreg,281.3734941596478,275.5899963378906,2026-03-23
LLY,rf,918.11941004613,906.7000122070312,2026-03-23
XOM,rf,157.98093274924224,159.6699981689453,2026-03-23
MCD,xgb,309.04034769535065,308.8500061035156,2026-03-23
PG,arima,144.23098463260644,144.27999877929688,2026-03-23
AVGO,rf,318.6408070891102,310.510009765625,2026-03-23
NEE,rf,88.68134240463534,89.5,2026-03-23
UNH,arima,275.78148516123497,275.5899963378906,2026-03-23
GOOGL,rf,301.3664624056419,301.0,2026-03-23
AAPL,xgb,249.3846428394318,247.9900054931641,2026-03-23
COST,rf,973.3398181356844,972.3300170898438,2026-03-23
XOM,xgb,157.1083836555481,159.6699981689453,2026-03-23
NEE,arima,89.53959464979877,89.5,2026-03-23
COST,linreg,938.2519598557589,972.3300170898438,2026-03-23
MSFT,lgbm,381.3658445218732,381.8699951171875,2026-03-23
AVGO,xgb,312.5367000102997,310.510009765625,2026-03-23
AVGO,lgbm,313.29349870861046,310.510009765625,2026-03-23
JNJ,arima,235.60456297737736,235.3699951171875,2026-03-23
AMZN,rf,205.58100471120216,205.3699951171875,2026-03-23
MA,xgb,502.3198904991151,496.3200073242188,2026-03-23
CAT,lgbm,683.8328544940705,680.8800048828125,2026-03-23
JNJ,xgb,236.23639315366745,235.3699951171875,2026-03-23
NVDA,xgb,172.77814101427794,172.6999969482422,2026-03-23
MSFT,arima,382.0369354321722,381.8699951171875,2026-03-23
COST,arima,972.4488550907648,972.3300170898438,2026-03-23
PLTR,arima,150.99776573868485,150.67999267578125,2026-03-23
COST,xgb,969.4219241142272,972.3300170898438,2026-03-23
JPM,linreg,288.65089198812933,286.5599975585937,2026-03-23
AAPL,rf,248.46080730983013,247.9900054931641,2026-03-23
LLY,lgbm,908.6497443824892,906.7000122070312,2026-03-23
BRK-B,arima,481.0816398815956,480.9400024414063,2026-03-23
LLY,arima,909.1085632009004,906.7000122070312,2026-03-23
ASML,linreg,1429.302866757546,1317.25,2026-03-23
ASML,lgbm,1330.6099112793215,1317.25,2026-03-23
AVGO,arima,310.9883575335325,310.510009765625,2026-03-23
V,rf,305.3254915454586,301.6199951171875,2026-03-23
WMT,rf,118.68841289417742,119.0199966430664,2026-03-23
META,arima,593.6676719239119,593.6599731445312,2026-03-23
MA,arima,495.86783118328265,496.3200073242188,2026-03-23
ASML,arima,1318.8956021580973,1317.25,2026-03-23
MRK,lgbm,114.78658262045074,114.18000030517578,2026-03-23
LLY,linreg,910.5153056504864,906.7000122070312,2026-03-23
TSLA,arima,369.3069300127832,367.9599914550781,2026-03-23
CAT,xgb,670.2236261367798,680.8800048828125,2026-03-23
ORCL,xgb,150.02873796224594,149.67999267578125,2026-03-23
JPM,xgb,287.93820858001703,286.5599975585937,2026-03-23
XOM,arima,159.6867986892116,159.6699981689453,2026-03-23
LMT,arima,627.2797495592422,627.4299926757812,2026-03-23
MRK,linreg,112.1383482675194,114.18000030517578,2026-03-23
AMD,linreg,207.06321263930823,201.3300018310547,2026-03-23
META,xgb,609.1170015335083,593.6599731445312,2026-03-23
ORCL,lgbm,150.2912622226632,149.67999267578125,2026-03-23
AAPL,arima,247.59874615989503,247.9900054931641,2026-03-23
MA,lgbm,501.5507295404203,496.3200073242188,2026-03-23
ORCL,rf,150.0809237370545,149.67999267578125,2026-03-23
TSLA,lgbm,367.6347731257263,367.9599914550781,2026-03-23
CRM,arima,195.02902159143645,195.3800048828125,2026-03-23
GOOGL,arima,301.59310012876483,301.0,2026-03-23
TSLA,rf,369.9076923328636,367.9599914550781,2026-03-23
XOM,linreg,149.14790527801634,159.6699981689453,2026-03-23
MSFT,xgb,383.9046483039856,381.8699951171875,2026-03-23
ASML,rf,1320.6414769131045,1317.25,2026-03-23
MCD,arima,308.768462892432,308.8500061035156,2026-03-23
AMZN,lgbm,204.2401436848216,205.3699951171875,2026-03-23
NVDA,arima,173.0533911020986,172.6999969482422,2026-03-23
LMT,lgbm,623.7276102656806,627.4299926757812,2026-03-23
AMZN,linreg,201.45392754406888,205.3699951171875,2026-03-23
V,xgb,307.6943597793579,301.6199951171875,2026-03-23
LMT,rf,620.7511118436,627.4299926757812,2026-03-23
AMD,rf,201.49428794994392,201.3300018310547,2026-03-23
CAT,linreg,690.6394675582048,680.8800048828125,2026-03-23
GOOGL,linreg,304.8515033645556,301.0,2026-03-23
WMT,arima,119.1428655020116,119.0199966430664,2026-03-23
UNH,xgb,279.60049629211426,275.5899963378906,2026-03-23
CRM,rf,199.54226293449932,195.3800048828125,2026-03-23
AMD,xgb,200.55245286226275,201.3300018310547,2026-03-23
ORCL,linreg,138.4566207381588,149.67999267578125,2026-03-23
CAT,rf,674.0697982690174,680.8800048828125,2026-03-23
PLTR,linreg,156.9167209429196,150.67999267578125,2026-03-23
MRK,arima,114.30388616653342,114.18000030517578,2026-03-23
AMD,lgbm,200.53062401606977,201.3300018310547,2026-03-23
MSFT,linreg,390.3974448325104,381.8699951171875,2026-03-23
COST,lgbm,975.0522590573294,972.3300170898438,2026-03-23
PG,lgbm,145.91687339548338,144.27999877929688,2026-03-23
PG,rf,145.58613808930676,144.27999877929688,2026-03-23
JNJ,linreg,237.5543931266613,235.3699951171875,2026-03-23
LLY,xgb,893.8276491165161,906.7000122070312,2026-03-23
TSM,lgbm,327.4412416957465,329.239990234375,2026-03-23
MCD,lgbm,307.6597949036746,308.8500061035156,2026-03-23
NEE,xgb,89.01640877127647,89.5,2026-03-23
MSFT,rf,382.36360415924025,381.8699951171875,2026-03-23
V,lgbm,306.9586933579752,301.6199951171875,2026-03-23
NVDA,rf,173.83983631419076,172.6999969482422,2026-03-23
LMT,linreg,625.014952301133,627.4299926757812,2026-03-23
JNJ,rf,235.60500913411605,235.3699951171875,2026-03-23
MCD,rf,308.0054365497844,308.8500061035156,2026-03-23
JNJ,lgbm,235.71428465737813,235.3699951171875,2026-03-23
AMZN,arima,205.04875330464444,205.3699951171875,2026-03-23
GOOGL,lgbm,303.8224241394749,301.0,2026-03-23
AAPL,lgbm,247.0044832768856,247.9900054931641,2026-03-23
NVDA,linreg,182.23501260283064,172.6999969482422,2026-03-23
NVDA,lgbm,174.17652657975313,172.6999969482422,2026-03-23
CAT,arima,681.9211856449866,680.8800048828125,2026-03-23
LMT,xgb,627.1194629967213,627.4299926757812,2026-03-23
TSM,xgb,327.91761457920074,329.239990234375,2026-03-23
MA,rf,500.4822929114205,496.3200073242188,2026-03-23
TSM,linreg,331.88443012002017,329.239990234375,2026-03-23
PLTR,lgbm,152.01439078147277,150.67999267578125,2026-03-23
MA,linreg,507.6585652402356,496.3200073242188,2026-03-23
AMD,arima,201.9136129055132,201.3300018310547,2026-03-23
CRM,linreg,204.1418085849604,195.3800048828125,2026-03-23
WMT,linreg,113.19562547194762,119.0199966430664,2026-03-23
META,rf,596.111964820121,593.6599731445312,2026-03-23
META,linreg,632.6722453029312,593.6599731445312,2026-03-23
WMT,xgb,118.40153419971466,119.0199966430664,2026-03-23
JPM,rf,287.4773749924239,286.5599975585937,2026-03-23
ORCL,arima,149.7809557957152,149.67999267578125,2026-03-23
META,lgbm,599.3653340404951,593.6599731445312,2026-03-23
ASML,xgb,1334.9928913116455,1317.25,2026-03-23
PG,xgb,145.82813489437103,144.27999877929688,2026-03-23
GOOGL,xgb,303.0492157936096,301.0,2026-03-23
AAPL,linreg,243.1203224580632,247.9900054931641,2026-03-23
AMZN,xgb,204.67749565839767,205.3699951171875,2026-03-23
TSLA,xgb,367.64390301704407,367.9599914550781,2026-03-23
PLTR,xgb,151.921240568161,150.67999267578125,2026-03-23
NEE,linreg,86.00155245562927,89.5,2026-03-23
BRK-B,rf,481.6140085118794,480.9400024414063,2026-03-23
JPM,lgbm,288.4561438096314,286.5599975585937,2026-03-23
CRM,lgbm,197.67752278246687,195.3800048828125,2026-03-23
V,arima,301.4422374007585,301.6199951171875,2026-03-23
V,linreg,321.87819186223726,301.6199951171875,2026-03-23
TSM,rf,329.6953971382492,329.239990234375,2026-03-23
BRK-B,linreg,483.13555443702256,480.9400024414063,2026-03-23
MRK,xgb,113.03444337844849,114.18000030517578,2026-03-23
PLTR,rf,151.67981387075716,150.67999267578125,2026-03-23
WMT,lgbm,117.92934021160572,119.0199966430664,2026-03-23
XOM,lgbm,157.53686604379095,159.6699981689453,2026-03-23
JPM,arima,286.874641037823,286.5599975585937,2026-03-23
NEE,lgbm,88.86613374299824,89.5,2026-03-23
TSM,arima,329.0879930876241,329.239990234375,2026-03-23
UNH,lgbm,277.31362847006176,275.5899963378906,2026-03-23
MCD,linreg,314.34880184526384,308.8500061035156,2026-03-23
UNH,rf,277.5623081326632,275.5899963378906,2026-03-23
BRK-B,xgb,483.0764560699464,480.9400024414063,2026-03-23
PG,linreg,144.03812807158982,144.27999877929688,2026-03-23
MRK,rf,113.17578752587252,114.18000030517578,2026-03-23
TSLA,linreg,374.7507955468264,367.9599914550781,2026-03-23
CRM,xgb,198.22511291503903,195.3800048828125,2026-03-23
AVGO,linreg,310.12932257022203,310.510009765625,2026-03-23
BRK-B,lgbm,484.7659481354694,480.9400024414063,2026-03-23
UNH,linreg,281.3734941596476,275.5899963378906,2026-03-23
LLY,rf,918.11941004613,906.7000122070312,2026-03-23
XOM,rf,157.98093274924224,159.6699981689453,2026-03-23
MCD,xgb,309.04034769535065,308.8500061035156,2026-03-23
PG,arima,144.23098463260644,144.27999877929688,2026-03-23
AVGO,rf,318.6408070891102,310.510009765625,2026-03-23
NEE,rf,88.68134240463534,89.5,2026-03-23
UNH,arima,275.78148516123497,275.5899963378906,2026-03-23
GOOGL,rf,301.3664624056419,301.0,2026-03-23
AAPL,xgb,249.3846428394318,247.9900054931641,2026-03-23
COST,rf,973.3398181356844,972.3300170898438,2026-03-23
XOM,xgb,157.1083836555481,159.6699981689453,2026-03-23
NEE,arima,89.53959464979877,89.5,2026-03-23
COST,linreg,938.2519598557589,972.3300170898438,2026-03-23
MSFT,lgbm,381.3658445218732,381.8699951171875,2026-03-23
AVGO,xgb,312.5367000102997,310.510009765625,2026-03-23
AVGO,lgbm,310.6592168704019,310.510009765625,2026-03-23
JNJ,arima,235.60456297737736,235.3699951171875,2026-03-23
AMZN,rf,205.58100471120216,205.3699951171875,2026-03-23
MA,xgb,501.7184572219849,496.3200073242188,2026-03-23
CAT,lgbm,683.8328544940705,680.8800048828125,2026-03-23
JNJ,xgb,236.23639315366745,235.3699951171875,2026-03-23
NVDA,xgb,172.77814101427794,172.6999969482422,2026-03-23
MSFT,arima,382.0369354321722,381.8699951171875,2026-03-23
COST,arima,972.4488550907648,972.3300170898438,2026-03-23
PLTR,arima,150.99776573868485,150.67999267578125,2026-03-23
COST,xgb,974.1066915988922,972.3300170898438,2026-03-23
JPM,linreg,288.6508919881293,286.5599975585937,2026-03-23
AAPL,rf,248.46080730983013,247.9900054931641,2026-03-23
LLY,lgbm,908.6497443824892,906.7000122070312,2026-03-23
BRK-B,arima,481.0816398815956,480.9400024414063,2026-03-23
LLY,arima,909.1085632009004,906.7000122070312,2026-03-23
ASML,linreg,1429.3028667575422,1317.25,2026-03-23
ASML,lgbm,1330.6099112793215,1317.25,2026-03-23
AVGO,arima,310.9883575335325,310.510009765625,2026-03-23
V,rf,305.3254915454586,301.6199951171875,2026-03-23
WMT,rf,118.68841289417742,119.0199966430664,2026-03-23
META,arima,593.6676719239119,593.6599731445312,2026-03-23
MA,arima,495.86783118328265,496.3200073242188,2026-03-23
ASML,arima,1318.8956021580973,1317.25,2026-03-23
MRK,lgbm,114.95480768939407,114.18000030517578,2026-03-23
LLY,linreg,910.5153056504868,906.7000122070312,2026-03-23
TSLA,arima,369.3069300127832,367.9599914550781,2026-03-23
CAT,xgb,670.2236261367798,680.8800048828125,2026-03-23
ORCL,xgb,150.02873796224594,149.67999267578125,2026-03-23
JPM,xgb,287.93820858001703,286.5599975585937,2026-03-23
XOM,arima,159.6867986892116,159.6699981689453,2026-03-23
LMT,arima,627.2797495592422,627.4299926757812,2026-03-23
MRK,linreg,112.1383482675194,114.18000030517578,2026-03-23
AMD,linreg,208.35630980799388,201.3300018310547,2026-03-23
