model,residual
lgbm,1.2321630185656431
xgb,2.387798011302948
Top3Ensamble,1.8099805149342956
rf,8.46694734748084
lgbm,5.1494937224055946
arima,7.6036153469193835
Top3Ensamble,7.073352138935263
xgb,3.1812798976898193
rf,5.5221442026558805
Top3Ensamble,4.351712050172864
rf,87.06967510660684
xgb,89.83162784576416
arima,77.20553868153479
Top3Ensamble,84.70228054463519
xgb,0.1580040454864502
lgbm,-0.30949913685526553
arima,2.7683257952512577
Top3Ensamble,0.8722769012941285
rf,1.982421279214691
linreg,0.9785966212235735
Top3Ensamble,1.4805089502191322
arima,26.221173437955372
lgbm,25.092432504088947
Top3Ensamble,25.656802971022216
lgbm,-10.217170268946802
rf,-14.345400821139265
xgb,-8.238039970398063
Top3Ensamble,-10.933537020161225
arima,-1.0709845120791783
lgbm,2.045811289055223
xgb,4.81169939041132
Top3Ensamble,1.9288420557957693
lgbm,6.416695144179016
xgb,4.577234745025635
rf,3.058473691126437
Top3Ensamble,4.684134526777029
lgbm,0.05905871148175379
arima,-0.535421153481991
xgb,0.4325982332229046
Top3Ensamble,-0.014588069592406328
rf,3.5846845636068565
lgbm,1.6854860650767591
Top3Ensamble,2.635085314341893
rf,-7.001278090570736
lgbm,-6.295740436794972
arima,-4.6614563303495515
Top3Ensamble,-5.986158285905162
lgbm,-20.33736275867068
arima,-16.92026264778906
Top3Ensamble,-18.62881270322987
lgbm,6.1882763462017465
xgb,1.965190827846527
arima,1.867770148126283
Top3Ensamble,3.34041244072489
arima,-0.6915285626461127
lgbm,-2.96487640697336
rf,-1.495941296034971
Top3Ensamble,-1.7174487552180722
rf,15.648744093515461
lgbm,16.69577219048756
Top3Ensamble,16.17225814200151
arima,0.40388464065449625
lgbm,0.2729495698454514
linreg,-1.9764427421009998
Top3Ensamble,-0.4332028438670221
rf,13.083653728383581
lgbm,5.23865407742818
arima,1.8869415356879813
Top3Ensamble,6.736416447166675
xgb,-0.3271356225013875
lgbm,-0.6212509498767105
arima,0.14959526015032054
Top3Ensamble,-0.266263770742583
lgbm,3.982493329182063
xgb,3.2677583694457724
Top3Ensamble,3.625125849313946
rf,2.124685001450274
arima,1.9309496921995617
Top3Ensamble,2.027817346824918
rf,1.0257084240296308
arima,0.3109864636611235
Top3Ensamble,0.6683474438453914
xgb,-3.8015795946121216
rf,-2.694187616534691
arima,-4.172232430260465
Top3Ensamble,-3.555999880469102
lgbm,4.290927703722957
rf,8.109833995310396
arima,10.166915364345698
Top3Ensamble,7.522559021126369
lgbm,13.109164098233975
rf,15.517420608902512
arima,14.817973556374113
Top3Ensamble,14.481519421170162
xgb,2.8525856137275696
lgbm,4.050867454876197
Top3Ensamble,3.4517265343018835
lgbm,6.075620074961364
arima,2.262244724977222
Top3Ensamble,4.1689323999693215
arima,-0.3671366342188378
rf,-0.350838660806005
Top3Ensamble,-0.3589876475124214
lgbm,-1.9175893502098518
arima,-0.43321168676496313
Top3Ensamble,-1.1754005184874075
rf,-3.300736340991527
lgbm,-3.338140877661182
Top3Ensamble,-3.3194386093263546
xgb,-0.773782457690686
rf,-0.7209527720205458
arima,-0.7444151415140716
Top3Ensamble,-0.7463834570750976
rf,-0.6816656767422131
xgb,-0.6336580463685095
Top3Ensamble,-0.6576618615553542
rf,-19.498594737739154
lgbm,-7.071504709590812
Top3Ensamble,-13.285049723664997
rf,-12.831279296717696
arima,-3.1724653679079893
lgbm,-2.7954665388438116
Top3Ensamble,-6.266403734489927
rf,0.1425929391570122
xgb,0.12267599254847994
linreg,-0.12824942051337018
Top3Ensamble,0.045673170397378726
rf,-8.19657398598713
lgbm,-10.432039808124273
Top3Ensamble,-9.314306897055758
lgbm,-2.962225390284516
rf,0.7590683849662128
Top3Ensamble,-1.1015785026590947
rf,-0.08593511682290966
arima,-0.13427247013179056
Top3Ensamble,-0.11010379347735011
rf,-1.0567169873154185
lgbm,-0.8428467194253884
arima,-1.0079706974319862
Top3Ensamble,-0.9691781347242667
rf,0.7355721763827461
lgbm,0.7339094988218307
Top3Ensamble,0.7347408376022955
xgb,0.8725074641406536
rf,0.8825262971553087
arima,0.8855840192525264
Top3Ensamble,0.8802059268494986
rf,2.925153160218649
xgb,3.158709391951561
Top3Ensamble,3.0419312760851085
rf,3.338311991493441
lgbm,2.427093263968942
Top3Ensamble,2.8827026277312484
rf,21.678177117740915
arima,22.347493128185818
lgbm,23.335849569366246
Top3Ensamble,22.453839938430974
rf,0.056581450942871925
xgb,0.021099530160441304
linreg,-0.28284707625307703
Top3Ensamble,-0.06838869838328776
rf,7.2502367437194835
lgbm,5.469616253579488
Top3Ensamble,6.359926498649429
lgbm,3.902115186643414
rf,4.272044242381412
Top3Ensamble,4.087079714512356
rf,0.42865917376266793
arima,0.4957324126806668
Top3Ensamble,0.4621957932216674
rf,0.3092167561449628
lgbm,0.4953880424645263
arima,0.3520299129195905
Top3Ensamble,0.3855449038430194
rf,0.8443142726366801
lgbm,0.8548414612987187
Top3Ensamble,0.8495778669676994
xgb,0.41555487364530563
rf,0.37202603902733244
arima,0.5355836377827998
Top3Ensamble,0.441054850151815
rf,0.8363035910971348
xgb,0.778963416814797
Top3Ensamble,0.8076335039559694
rf,5.3683122474375295
lgbm,3.5877837147126
Top3Ensamble,4.478047981075122
rf,-6.482235188256425
arima,-5.762492223376682
lgbm,-5.416208494533123
Top3Ensamble,-5.886978635388687
rf,0.8408470564284016
xgb,0.7323113232850744
linreg,0.5517397823553978
Top3Ensamble,0.7082993873562913
rf,-0.368569624764973
lgbm,-4.0161782553852845
Top3Ensamble,-2.1923739400751856
lgbm,-2.0671393735784704
rf,-1.147769071023049
Top3Ensamble,-1.607454222300703
rf,-0.2686079060703861
arima,-0.254267587319319
Top3Ensamble,-0.26143774669486675
rf,-0.0603993919358885
lgbm,0.08958160690747974
arima,-0.017969018965182215
Top3Ensamble,0.0037377320021434457
rf,1.6225030645669278
lgbm,1.2161645338542613
Top3Ensamble,1.419333799210591
xgb,0.3044779673218727
rf,0.18984496690049824
arima,0.41558470589803775
Top3Ensamble,0.3033025467068029
rf,0.05929440948375486
xgb,-0.017089679837226868
Top3Ensamble,0.021102364823263997
rf,2.2908041517750632
lgbm,1.3587427663707672
Top3Ensamble,1.8247734590728726
rf,-14.58047951475504
arima,-5.782481237048614
lgbm,-5.443205391247318
Top3Ensamble,-8.602055381016896
rf,-0.4802329061385393
xgb,-0.2724849060177519
linreg,-0.6685517353722332
Top3Ensamble,-0.47375651584283673
rf,1.3269248000634661
lgbm,-1.5593693741095649
Top3Ensamble,-0.11622228702299253
lgbm,0.9668334142827462
rf,2.311864687593129
Top3Ensamble,1.6393490509378807
rf,-0.10605780703893686
arima,-0.18427552188958884
Top3Ensamble,-0.14516666446426996
rf,0.7318335376092335
lgbm,0.7272499837272548
arima,0.8120289973922397
Top3Ensamble,0.7570375062429093
rf,-1.455651788682573
lgbm,-1.684228244092246
Top3Ensamble,-1.569940016387406
xgb,-0.0374189168214798
rf,-0.16775389434014798
arima,0.02558340890096744
Top3Ensamble,-0.059863134086885594
rf,0.44129525710431494
xgb,0.17713987827301025
Top3Ensamble,0.3092175676886626
rf,-0.14094138028116276
lgbm,-0.9749912789543771
Top3Ensamble,-0.5579663296177841
rf,-13.662434971809034
arima,-3.5724897819704324
lgbm,-2.5312780160065245
Top3Ensamble,-6.58873425659533
rf,-0.46151070497805335
xgb,-0.3710565119981766
linreg,-0.5233014274142533
Top3Ensamble,-0.45195621479683723
rf,7.639711711491032
lgbm,6.071668457078658
Top3Ensamble,6.855690084284788
lgbm,3.8284250775984674
rf,2.95869750084114
Top3Ensamble,3.3935612892198606
rf,-0.6244046963641665
arima,-0.6642636200341201
Top3Ensamble,-0.6443341581991433
rf,0.18261197992002565
lgbm,0.1757234119529798
arima,0.17202579304652943
Top3Ensamble,0.17678706163983549
lgbm,-0.06238617356491005
rf,0.12241720134173306
Top3Ensamble,0.030015513888415057
arima,-0.3044165148050908
xgb,-0.45721527934074047
rf,-0.4862033954828213
Top3Ensamble,-0.4159450632095414
xgb,-0.8549423515796661
rf,-0.6988381018585628
Top3Ensamble,-0.776890226719118
rf,0.409186831137788
lgbm,0.48977245177519535
Top3Ensamble,0.44947964145649166
rf,0.7731072928538083
lgbm,-0.5453551092547855
arima,1.6774797004514426
Top3Ensamble,0.6350772946834127
xgb,0.14200163632634144
linreg,-0.2715281335752451
rf,0.011813492907890577
Top3Ensamble,-0.03923766811367102
rf,-9.097681171675617
lgbm,-10.082410128443712
Top3Ensamble,-9.590045650059665
rf,-6.404423697727111
lgbm,-3.4755457916049863
Top3Ensamble,-4.939984744666049
rf,0.20634494969965544
arima,0.24572478328613556
Top3Ensamble,0.2260348664928955
lgbm,0.9454987984016157
arima,1.5020314387984968
rf,1.3933702913474448
Top3Ensamble,1.2803001761825215
lgbm,0.037482304996686366
rf,0.4718142317101979
Top3Ensamble,0.2546482683534421
arima,-0.14441666739297077
xgb,-0.35173048079013824
rf,-0.3138178709258419
Top3Ensamble,-0.26998833970298364
xgb,-1.1657346040010452
rf,-0.19615660067209717
Top3Ensamble,-0.6809456023365712
rf,-1.3349969383737061
lgbm,-1.242016132660524
Top3Ensamble,-1.2885065355170582
rf,3.816923849157888
lgbm,4.410092160693978
arima,7.157521204357693
Top3Ensamble,5.128179071403167
xgb,0.07015721499917049
linreg,-0.04953804460474487
rf,-0.018775949435507755
Top3Ensamble,0.00061440698631543
rf,-7.120782547531917
lgbm,-7.340036696113657
Top3Ensamble,-7.230409621822787
rf,-5.437910307484913
lgbm,-4.035322204477666
Top3Ensamble,-4.736616255981289
rf,-0.22252788731955775
arima,-0.25426758731929056
Top3Ensamble,-0.23839773731943126
lgbm,-0.7816032073690806
arima,-0.6079729862503385
rf,-0.6166203852841363
Top3Ensamble,-0.6687321929678447
lgbm,0.7097807449021545
rf,0.8781540031152417
Top3Ensamble,0.7939673740087017
arima,0.7155839429585811
xgb,0.5462167412042618
rf,0.47821859232485053
Top3Ensamble,0.5800064254958954
xgb,0.53993159532547
rf,0.19504643296483692
Top3Ensamble,0.3674890141451499
rf,0.18506718674873923
lgbm,0.058949839990589226
Top3Ensamble,0.1220085133696216
rf,-13.536899923677765
lgbm,-14.709565787867803
arima,-12.172495885486057
Top3Ensamble,-13.47298719901056
xgb,-0.426774702966199
linreg,-0.7121935273307543
rf,-0.41542008598071334
Top3Ensamble,-0.5181294387592175
rf,6.266145395954254
lgbm,6.606335564387905
Top3Ensamble,6.436240480171136
rf,6.698299426410927
lgbm,9.358838025404225
Top3Ensamble,8.028568725907576
rf,0.023203248404144006
arima,-0.024271859780256477
Top3Ensamble,-0.0005343056880775521
lgbm,0.4208286553581715
arima,0.6420308284469272
rf,0.45304680448949597
Top3Ensamble,0.5053020960981911
lgbm,0.15217906592260988
rf,0.6778478398278196
Top3Ensamble,0.41501345287521474
arima,-0.14441666739298498
xgb,-0.14981438405812142
rf,-0.3314901477371208
Top3Ensamble,-0.20857373306273885
xgb,-1.8088683485984802
rf,-0.6150317968110457
Top3Ensamble,-1.2119500727047736
rf,-0.6321727599679718
lgbm,-1.1656286132711102
Top3Ensamble,-0.8989006866195268
rf,-9.37929096351428
lgbm,-7.96411118004454
arima,-8.572489781970432
Top3Ensamble,-8.638630641843122
xgb,0.03673813119529257
linreg,-0.250738760938205
rf,-0.04348006921182446
Top3Ensamble,-0.08582689965156476
rf,-7.262427993100914
lgbm,-6.269172162122004
Top3Ensamble,-6.765800077611402
rf,-6.17247444365421
lgbm,-8.551042061274643
Top3Ensamble,-7.361758252464369
rf,-0.5815529510792317
arima,-0.7242688080224013
Top3Ensamble,-0.6529108795508165
lgbm,-0.7015631196360417
arima,-0.09797085001986972
rf,-0.3830518286766562
Top3Ensamble,-0.394195266110863
rf,1.4395891900397402
lgbm,1.7418039023286553
Top3Ensamble,1.5906965461842049
xgb,-0.20290042087435367
rf,-0.2335849127271139
arima,-0.20441613333536068
Top3Ensamble,-0.2136338223122749
rf,0.09788430989333818
xgb,-0.10743638873100991
Top3Ensamble,-0.004776039418835865
rf,-9.585993694963378
lgbm,1.1136509768634255
Top3Ensamble,-4.236171359049962
rf,-10.598300699999868
arima,-0.7924910026735574
lgbm,-1.102099406177274
Top3Ensamble,-4.164297036283585
rf,-0.08836863044922438
xgb,-0.13851578906178474
linreg,-0.24411662175252502
Top3Ensamble,-0.15700034708784472
rf,2.3806212751433122
lgbm,5.146571130168013
Top3Ensamble,3.7635962026556626
lgbm,2.328997480557291
rf,0.9091786333037817
Top3Ensamble,1.6190880569305364
rf,0.19921162254249225
arima,0.18573485408695944
Top3Ensamble,0.19247323831471874
rf,-0.019382155737922346
lgbm,-0.29872357477760403
arima,0.09203159138638028
Top3Ensamble,-0.07535804637637966
rf,2.1039857847182333
lgbm,1.5544258585316726
Top3Ensamble,1.829205821624953
xgb,-0.14985528402030468
rf,-0.23137262386499913
arima,-0.08441720145059506
Top3Ensamble,-0.15521503644529844
rf,-0.6332374533465099
xgb,-0.45540443062781577
Top3Ensamble,-0.5443209419871593
rf,-9.102510935189287
lgbm,1.2789055413136339
Top3Ensamble,-3.911802696937798
rf,-11.26980318705347
arima,-9.59247879564225
lgbm,-8.984270253446653
Top3Ensamble,-9.948850745380867
rf,0.2055393658722977
xgb,0.04402628540994158
linreg,-0.06415632468073795
Top3Ensamble,0.06180310886718132
rf,-5.609294404138382
lgbm,-2.210655507145816
Top3Ensamble,-3.9099749556421557
lgbm,-4.204136507637827
rf,-4.487162290194988
Top3Ensamble,-4.345649398916407
rf,1.1000743302477929
arima,1.105725393637698
Top3Ensamble,1.1028998619427597
rf,1.0992326300365818
lgbm,0.8885588500973256
arima,1.3320294551559115
Top3Ensamble,1.1066069784299373
rf,-0.38669992573390743
lgbm,-0.9791148336367712
Top3Ensamble,-0.6829073796853322
xgb,0.23187195695937035
rf,0.15295646617809666
arima,0.29558386666464287
Top3Ensamble,0.22680409660070566
rf,-2.228929151658974
lgbm,-1.4461035418121355
Top3Ensamble,-1.8375163467355833
rf,-1.0692179789558978
lgbm,-1.5464016194489432
arima,-0.9879740543655728
Top3Ensamble,-1.201197884256807
rf,-0.37567845087419016
lgbm,-0.599966225248636
Top3Ensamble,-0.48782233806142017
xgb,-0.29691788554191945
rf,-0.44163350597704465
arima,-0.18441567557169236
Top3Ensamble,-0.30765568903021645
rf,-9.289725738506519
lgbm,1.5433154383155738
Top3Ensamble,-3.8732051500955436
rf,0.21512316801315023
lgbm,-0.31164699586803124
arima,0.3720303706832553
Top3Ensamble,0.09183551427612002
rf,-1.4689907596078058
lgbm,-2.26930911761076
Top3Ensamble,-1.869149938609283
xgb,-0.39676243811845424
rf,-0.46757102410128226
arima,-0.2944181932718841
Top3Ensamble,-0.3862505518305426
rf,-0.2992468329494429
xgb,-0.6316121518611908
Top3Ensamble,-0.4654294924053204
rf,-14.93663513990515
lgbm,-3.2876019365469915
Top3Ensamble,-9.11211853822607
rf,-13.550444723084695
arima,-10.742472692126682
lgbm,-12.906075993879426
Top3Ensamble,-12.399664469696916
rf,-0.5484549297416521
xgb,-0.2871498018503331
linreg,-0.5786229425990967
Top3Ensamble,-0.4714092247303512
rf,-1.3613860908694733
lgbm,3.296742651269824
Top3Ensamble,0.9676782802001753
lgbm,-0.5649705832328209
rf,-0.5756063665055535
Top3Ensamble,-0.5702884748691304
rf,-1.32764057628998
arima,-1.3542660614403843
Top3Ensamble,-1.3409533188651892
rf,-0.4033527353830806
lgbm,-0.31119484981496015
arima,-0.27797115519565097
Top3Ensamble,-0.33083958013123294
lgbm,0.2922580841796645
rf,1.00759173633287
Top3Ensamble,0.6499249102562601
arima,1.095585011073819
xgb,1.08147694170475
rf,0.955436824214793
Top3Ensamble,1.0441662589977874
xgb,0.19934815168380737
rf,1.4153208807062398
Top3Ensamble,0.8073345161950201
rf,1.477585776928521
lgbm,2.653499842226495
Top3Ensamble,2.0655428095775505
rf,13.57469022300728
lgbm,12.087125765307576
arima,16.727498010998318
Top3Ensamble,14.129771333104372
xgb,-0.520146921277032
linreg,-0.8147821309923984
rf,-0.5962444123065467
Top3Ensamble,-0.6437244881919924
rf,12.107605147660934
lgbm,13.81121503964664
Top3Ensamble,12.959410093653787
rf,9.932248018820701
lgbm,10.929691072857054
Top3Ensamble,10.430969545838934
rf,0.17722611409359956
arima,0.0957308868018032
Top3Ensamble,0.1364785004477227
lgbm,-0.1908678686199039
arima,-0.15797222331088534
rf,-0.4229709237119508
Top3Ensamble,-0.25727033854757764
lgbm,-0.6987940272728395
rf,-0.23600016488246922
Top3Ensamble,-0.46739709607766144
arima,-0.03441605704141537
xgb,-0.31068304181099293
rf,-0.2016809187806281
Top3Ensamble,-0.18226000587767643
xgb,-1.1039913296699595
rf,-0.1594425751260573
Top3Ensamble,-0.6317169523980084
rf,3.065287148600106
lgbm,4.926261992527714
Top3Ensamble,3.9957745705639525
rf,-14.959207795554505
lgbm,-4.5846140567301745
arima,-4.742503209704807
Top3Ensamble,-8.095441687329924
xgb,0.43339513242248984
linreg,0.14411819211368027
rf,0.28935221754279894
Top3Ensamble,0.28895518069300863
rf,-2.3182442645412493
lgbm,-6.521216690825668
Top3Ensamble,-4.419730477683515
rf,-0.36784821327557893
lgbm,1.3258443917444538
Top3Ensamble,0.47899808923443743
rf,0.5098118155628839
arima,0.5057269195166185
Top3Ensamble,0.507769367539737
lgbm,0.23905341806212022
arima,-0.33796871378940097
rf,-0.43173283130600737
Top3Ensamble,-0.17688270901109604
lgbm,-1.0425801687512148
rf,-0.8999131764436328
Top3Ensamble,-0.9712466725974309
arima,-0.22441659109903256
xgb,-0.5391342341899907
rf,-0.43046429364377303
Top3Ensamble,-0.39800503964426426
xgb,-0.51552414894104
rf,0.6965369532596171
Top3Ensamble,0.09050640215929207
rf,-1.3927573176299006
lgbm,0.11430691664506298
Top3Ensamble,-0.6392252004924046
rf,-6.8418255692254775
lgbm,2.9096046985533803
arima,5.117512659435818
Top3Ensamble,0.39509726292124014
xgb,-0.6574628055095815
linreg,-0.7528764464055655
rf,-0.4272291954589207
Top3Ensamble,-0.6125228157913654
rf,3.601300276494044
lgbm,5.497341600180334
Top3Ensamble,4.549320938337132
rf,1.072262667258201
lgbm,2.9036999400553896
Top3Ensamble,1.987981303656852
rf,-1.2004819357793366
arima,-1.2542675873192906
Top3Ensamble,-1.2273747615493136
lgbm,0.9857704788926114
arima,0.9620267085738803
rf,0.8510670021538758
Top3Ensamble,0.9329547298734511
lgbm,0.15025016667512148
rf,-0.18046927908333998
Top3Ensamble,-0.015109556204109253
arima,-0.8244169725687662
xgb,-0.9548560902476346
rf,-1.0049780956977763
Top3Ensamble,-0.9280837195047269
xgb,-0.6500825881958008
rf,-0.5031175496359168
Top3Ensamble,-0.5766000689158588
rf,-1.0119016768030065
lgbm,1.3412969452933794
Top3Ensamble,0.16469763424518646
rf,-21.965402458756728
lgbm,-11.174852844748159
arima,-11.082499547595432
Top3Ensamble,-14.740918283700182
xgb,-0.27537423372268677
linreg,-0.48707516828461905
rf,0.02346707678057669
Top3Ensamble,-0.24632744174226673
rf,-4.83416608218306
lgbm,-4.4186669618835595
Top3Ensamble,-4.62641652203331
rf,-4.087771512429299
lgbm,-2.356831227117482
Top3Ensamble,-3.2223013697733904
rf,-0.2937758341637533
arima,-0.4042691131981968
Top3Ensamble,-0.34902247368097505
lgbm,-0.04376912593550486
arima,0.2620297603316928
rf,0.14850522564276503
Top3Ensamble,0.12225528667965335
lgbm,-4.331508092476561
rf,-4.459885285662899
Top3Ensamble,-4.39569668906973
arima,-0.21441636221719662
xgb,-0.20799826085567474
rf,-0.382391065074863
Top3Ensamble,-0.2682685627159138
xgb,-1.5981202982366014
rf,-0.8075626366782558
Top3Ensamble,-1.2028414674574321
rf,-9.904909069100682
lgbm,-7.280091568197605
Top3Ensamble,-8.592500318649144
rf,-23.15798439912396
lgbm,-13.626706499382408
arima,-13.092478795642307
Top3Ensamble,-16.62572323138295
xgb,0.05938273295760155
linreg,-0.4006704624054578
rf,0.016808525781826233
Top3Ensamble,-0.10815973455534333
rf,-8.681534573194426
lgbm,-13.716637097522721
Top3Ensamble,-11.199085835358574
rf,-11.43204222945053
lgbm,-13.512797185992326
Top3Ensamble,-12.472419707721428
rf,-1.3970528000840403
arima,-1.4442700287255548
Top3Ensamble,-1.4206614144048046
lgbm,-2.3788841333712583
arima,-2.077970392256198
rf,-2.240195000766896
Top3Ensamble,-2.2323498421314483
lgbm,0.2657295181794126
rf,-0.16112611319265113
Top3Ensamble,0.05230170249338073
arima,0.2855836377828034
xgb,0.299156341701746
rf,0.30472076827956585
Top3Ensamble,0.29648691592137766
xgb,-0.11271116137505288
rf,0.17580366848742557
Top3Ensamble,0.03154625355618634
rf,-2.844379300135074
lgbm,0.014251201004924496
Top3Ensamble,-1.4150640495650748
rf,2.3643293986493745
lgbm,12.043276410773899
arima,12.577504114513886
Top3Ensamble,8.995036641312424
xgb,-0.6250330805778361
linreg,-1.1375124547263624
rf,-0.5172182080194574
Top3Ensamble,-0.7599212477745567
rf,8.356693235199714
lgbm,17.705489247654214
Top3Ensamble,13.03109124142702
rf,9.311128767359378
lgbm,12.138405234907054
Top3Ensamble,10.72476700113316
rf,0.18311664836457453
arima,0.11572752986822366
Top3Ensamble,0.1494220891163991
lgbm,-1.0686843215479698
arima,-1.0579737491897916
rf,-1.1205590329746755
Top3Ensamble,-1.0824057012374837
lgbm,-0.3822129945969124
rf,-0.3728900922603344
Top3Ensamble,-0.3775515434286234
arima,0.855583332607015
xgb,0.6513741910457576
rf,0.7494251480282657
Top3Ensamble,0.7521275572270163
xgb,0.2652689814567495
rf,1.5586598463156704
Top3Ensamble,0.91196441388621
rf,4.044973127199199
lgbm,5.698363671996503
Top3Ensamble,4.871668399597837
rf,-0.08286317313064728
lgbm,1.056343426606702
arima,0.8075151008420676
Top3Ensamble,0.5936651181060029
xgb,-0.01576336845756998
linreg,-0.49166073119714326
rf,-0.023793185662924543
Top3Ensamble,-0.17707242843920312
rf,11.162312968380206
lgbm,13.291224703481703
Top3Ensamble,12.226768835930898
rf,3.000830669718539
lgbm,7.103599667131334
Top3Ensamble,5.052215168424937
rf,-1.261378662436087
arima,-1.3042630096826002
Top3Ensamble,-1.2828208360593436
lgbm,0.6090990591739853
arima,0.662031286210599
rf,0.6346954662823663
Top3Ensamble,0.6352752705556455
xgb,-0.30639743991194734
rf,0.47971134336224
Top3Ensamble,0.08665695172514631
rf,-26.555857791078154
lgbm,-25.38922590147996
arima,-26.672495885486057
Top3Ensamble,-26.205859859348095
xgb,-0.19015660881997576
linreg,-0.5425013303307793
rf,0.07843646913332236
Top3Ensamble,-0.2180738233391395
rf,7.8900864594442055
lgbm,11.910170976118707
Top3Ensamble,9.9001287177814
rf,4.694919054527077
lgbm,6.346699536310211
Top3Ensamble,5.520809295418644
rf,0.30532560033833533
arima,0.18572722469241398
Top3Ensamble,0.24552641251537466
lgbm,-0.6696327690147328
rf,-0.6989524610020226
Top3Ensamble,-0.6842926150083741
arima,0.5155831800191386
xgb,0.28666138648986816
rf,0.3148861555799378
Top3Ensamble,0.37237690736298035
xgb,1.192664697766304
rf,2.002984650343315
Top3Ensamble,1.5978246740548059
rf,6.277104054279249
lgbm,4.303202481858477
Top3Ensamble,5.290153268068849
rf,49.896937618611105
lgbm,46.46221253949392
arima,51.437489466076386
Top3Ensamble,49.2655465413938
xgb,-0.21978145837783813
linreg,-0.3379879531473904
rf,0.10984239741476642
Top3Ensamble,-0.14930900470349684
rf,6.62538616687084
lgbm,12.002315246465514
Top3Ensamble,9.313850706668177
rf,1.9529643121261415
lgbm,2.9154796689753084
Top3Ensamble,2.434221990550668
rf,0.07104452238536396
arima,-0.10427369083491556
Top3Ensamble,-0.01661458422475448
lgbm,0.6117815692938535
arima,0.3420315913863803
rf,0.1996085881443861
Top3Ensamble,0.3844739162748638
lgbm,0.9373154129442796
rf,0.4424522820735106
Top3Ensamble,0.6898838475088951
arima,0.525583408900971
xgb,0.4873572119977361
rf,0.33527842463398017
Top3Ensamble,0.44940634851089456
xgb,-0.0626426339149404
rf,0.9992661731289729
Top3Ensamble,0.4683117696070198
rf,-6.178027293595392
lgbm,-6.175456402772994
Top3Ensamble,-6.176741848184207
rf,-1.864822678376754
lgbm,-5.638295762659197
arima,-0.8524885612673074
Top3Ensamble,-2.7852023341010863
xgb,-0.3371475338935994
linreg,-0.5638430194665602
rf,-0.04523755108513683
Top3Ensamble,-0.3154093681484227
rf,2.009418637868066
lgbm,4.564016169366369
Top3Ensamble,3.2867174036172173
rf,0.8619170566302046
lgbm,1.9600569028500558
Top3Ensamble,1.4109869797400734
rf,-1.0555604003365033
arima,-1.2642697235497735
Top3Ensamble,-1.1599150619431384
lgbm,2.194445466296692
arima,2.2120267085738803
rf,1.9500327989589081
Top3Ensamble,2.1188349912764934
lgbm,-0.2655977429234966
rf,-0.0672725871544273
Top3Ensamble,-0.16643516503895484
arima,-0.5244158281595901
xgb,-0.6473091170191836
rf,-0.6761821005727775
Top3Ensamble,-0.6159690152505171
xgb,-0.8560689389705587
rf,0.2654104181610819
Top3Ensamble,-0.29532926040474194
rf,-10.636327835625735
lgbm,-10.78234347937726
Top3Ensamble,-10.709335657501441
rf,-19.109874676245738
lgbm,-22.75829087984664
arima,-17.972483678454864
Top3Ensamble,-19.946883078182452
xgb,0.13619754463432798
linreg,-0.39070043937236676
rf,0.12175460816003181
Top3Ensamble,-0.04424942885934513
rf,-2.7632070831048168
lgbm,-1.3329298488282575
Top3Ensamble,-2.0480684659664803
rf,-0.17577939591024005
lgbm,1.0281383011090384
Top3Ensamble,0.42617945259939916
rf,1.095863543435783
arima,0.9157305816260077
Top3Ensamble,1.0057970625308883
lgbm,-0.3933877856548307
arima,0.2120305232711459
rf,-0.015056233031764066
Top3Ensamble,-0.06547116513847584
lgbm,1.7776988265718288
rf,1.1214182432456283
Top3Ensamble,1.449558534908732
arima,0.155582569667569
xgb,-0.07355612516403198
rf,-0.026152760218842275
Top3Ensamble,0.01862456142823632
xgb,-1.6381437182426453
rf,-0.43088904484925905
Top3Ensamble,-1.0345163815459557
rf,-3.220837171432663
lgbm,-2.97657005568675
Top3Ensamble,-3.0987036135597066
rf,-11.862977430757951
lgbm,-18.896962135087335
arima,-10.912486119861
Top3Ensamble,-13.890808561902134
xgb,0.2324146255850792
linreg,-0.2480659279405586
rf,0.16940218186324785
Top3Ensamble,0.051250293169246675
rf,-5.580376708458402
lgbm,-3.59456113075089
Top3Ensamble,-4.587468919604589
rf,-3.27725199896679
lgbm,-1.7309313127939276
Top3Ensamble,-2.504091655880302
rf,0.048642978880764076
arima,0.015729055747115694
Top3Ensamble,0.03218601731391857
lgbm,-0.977062787958701
arima,-0.7579706974319791
rf,-0.7295872056801471
Top3Ensamble,-0.8215402303569377
lgbm,1.1757858405732478
rf,0.39275342322325457
Top3Ensamble,0.7842696318982547
arima,0.2355844007222636
xgb,0.4546187520027125
rf,0.055029987397965385
Top3Ensamble,0.2484110467076448
xgb,-0.11056875064969063
rf,0.6573756948829725
Top3Ensamble,0.27340347211664096
rf,-2.5863960109528534
lgbm,-2.026593169376781
Top3Ensamble,-2.3064945901648173
rf,-7.961625876927144
lgbm,-10.99831163179988
arima,-6.212504430407989
Top3Ensamble,-8.390813979711652
xgb,-0.09073295816779137
linreg,-0.5511145947127858
rf,-0.05880847653106969
Top3Ensamble,-0.2335520098038586
rf,-2.6544217081466286
lgbm,-1.6239055245686131
Top3Ensamble,-2.139163616357564
rf,-3.698619122517016
lgbm,-3.281290223569158
Top3Ensamble,-3.48995467304303
rf,0.30328528581817693
arima,0.10573302303222931
Top3Ensamble,0.20450915442521023
lgbm,0.6393689464863996
arima,0.8120289973922397
rf,0.52152351166324
Top3Ensamble,0.6576404851806359
lgbm,0.7180360027146762
rf,-0.15229177732567223
Top3Ensamble,0.2828721126945055
arima,0.14558424813436233
xgb,-0.13583014905452728
rf,-0.08763107208166332
Top3Ensamble,-0.025958991000607057
xgb,-0.784964919090271
rf,0.39015503578419697
Top3Ensamble,-0.19740494165302636
rf,-0.924802170744897
lgbm,-0.42614010388311385
Top3Ensamble,-0.6754711373140196
rf,-7.508078492472805
lgbm,-13.67537828567015
arima,-5.722483678454807
Top3Ensamble,-8.96864681886592
xgb,-0.14392996206879616
linreg,-0.5451444669338485
rf,-0.06753355276876505
Top3Ensamble,-0.25220266059048413
rf,-1.839980955481451
lgbm,-0.08494656365178344
Top3Ensamble,-0.9624637595666172
rf,-0.9362791411093667
lgbm,-1.3521244475813319
Top3Ensamble,-1.1442017943453493
rf,-0.16135610559190638
arima,-0.19427002872554056
Top3Ensamble,-0.17781306715872347
lgbm,0.03746288817013976
arima,0.3220273189254499
rf,-0.028661213598994095
Top3Ensamble,0.11027633116552948
lgbm,0.23471752004483193
rf,-0.5804569414703735
Top3Ensamble,-0.17286971071277435
arima,0.07558455331014713
xgb,0.09126843139529583
rf,-0.1300093377490299
Top3Ensamble,0.012281215652141242
xgb,-0.632963553071022
rf,0.32090602990201234
Top3Ensamble,-0.1560287615845013
rf,0.3151765210563724
lgbm,0.9017977373792405
Top3Ensamble,0.6084871292177922
rf,-10.943895435078332
lgbm,-9.59681112525709
arima,-7.702494664782989
Top3Ensamble,-9.414400408372785
xgb,-0.034310732036843206
linreg,-0.3957897429963424
rf,0.05686393826569258
Top3Ensamble,-0.12441217892249767
rf,-3.3738680563994876
lgbm,-1.7385354427029824
Top3Ensamble,-2.556201749551292
rf,-3.2956520683824237
lgbm,-2.079677344331344
Top3Ensamble,-2.687664706356827
rf,1.029517059573564
arima,0.8857318023291612
Top3Ensamble,0.9576244309513555
lgbm,-0.6710688977964097
arima,-0.6979693241409706
rf,-0.9325417231533919
Top3Ensamble,-0.7671933150302621
lgbm,1.1656096491872248
rf,0.32445115631087873
Top3Ensamble,0.7450304027490517
arima,-0.5644167436869232
xgb,-0.8198014348745346
rf,-0.7543878609117449
Top3Ensamble,-0.7128686798243997
xgb,-1.07334811985492
rf,-0.18566015485259157
Top3Ensamble,-0.6295041373537629
rf,-4.174370922692361
lgbm,-3.711418730199057
Top3Ensamble,-3.9428948264457233
rf,-9.199200403788097
lgbm,-10.668294541956016
arima,-5.882487340564239
Top3Ensamble,-8.58332742876945
xgb,-0.3218015506863594
linreg,-0.8874218163797991
rf,-0.17055791154119504
Top3Ensamble,-0.4599270928691226
rf,-7.5875874306805144
lgbm,-8.854324349412764
Top3Ensamble,-8.220955890046639
rf,-6.979733030460466
lgbm,-7.891548990066667
Top3Ensamble,-7.435641010263566
rf,-0.20126866948906752
arima,-0.37427033390136444
Top3Ensamble,-0.2877695016952089
lgbm,1.050529475047675
arima,0.5720273189254499
rf,0.5834711040844098
Top3Ensamble,0.7353426326858497
lgbm,2.1034737861192383
rf,1.471255523551278
Top3Ensamble,1.7873646548352582
arima,0.2055837140767487
xgb,0.2237107716500759
rf,0.0761178153149693
Top3Ensamble,0.1684707670139325
rf,-0.9999176228454587
lgbm,-0.5247206625289209
Top3Ensamble,-0.7623191426871756
lgbm,0.3733577893781259
arima,0.3220311336227013
rf,0.19444880064646952
Top3Ensamble,0.2966125745490942
lgbm,-0.441400758781505
rf,-0.3927147027913165
Top3Ensamble,-0.4170577307864036
arima,-0.124416209629306
xgb,-0.3040848672389984
rf,-0.33192450713615784
Top3Ensamble,-0.2534751946681517
rf,1.6544016801858845
lgbm,1.2311513206125824
Top3Ensamble,1.4427765003991908
lgbm,-0.7787056436775615
arima,-0.3379725284866666
rf,-0.571842712284699
Top3Ensamble,-0.5628402948163114
lgbm,0.24294202779775986
rf,0.041063720740460496
Top3Ensamble,0.14200287426911729
arima,-0.2344168199808685
xgb,-0.3832157924771309
rf,-0.37813918804206637
Top3Ensamble,-0.33192393350001836
xgb,-0.16734948754310608
rf,0.8985566156105875
Top3Ensamble,0.3656035640337407
rf,-3.967558479306149
lgbm,-3.870367211110448
Top3Ensamble,-3.9189628452082843
rf,-5.812603093687187
lgbm,3.581684651040291
arima,2.5274858039670676
Top3Ensamble,0.09885578710668597
xgb,0.4966773986816122
linreg,0.012350828298735905
rf,0.4181511140509997
Top3Ensamble,0.3090597803437731
rf,-0.59499907236318
lgbm,2.7694629604969805
Top3Ensamble,1.0872319440668434
rf,-0.5135992591303875
lgbm,0.64358738129431
Top3Ensamble,0.06499406108196126
rf,-1.04348017135176
arima,-1.1342724701318048
Top3Ensamble,-1.0888763207417895
lgbm,0.6752871703786312
arima,1.0720273189254428
rf,0.44480204985218563
Top3Ensamble,0.7307055130520794
lgbm,-0.9897889310338286
rf,-0.905730195420567
Top3Ensamble,-0.9477595632271942
arima,0.5855847821919831
xgb,0.6372370570898056
rf,0.400272469440754
Top3Ensamble,0.5410314362408535
xgb,-0.6203964948654175
rf,0.32886924601685763
Top3Ensamble,-0.14576362442427637
rf,-2.528234771085721
lgbm,-2.3437250174587234
Top3Ensamble,-2.4359798942722364
rf,2.7736032141249893
lgbm,6.9554302397828565
arima,3.0975236457639994
Top3Ensamble,4.275519033223986
xgb,0.20564781920985808
linreg,0.04820577143541982
rf,0.19926098565646555
Top3Ensamble,0.15103819210055747
rf,-3.4550789503934993
lgbm,1.5987616275083383
Top3Ensamble,-0.9281586614425805
rf,-2.6998036984768987
lgbm,0.24510872362895952
Top3Ensamble,-1.2273474874239128
rf,-0.7089102924875164
arima,-0.6442669769677138
Top3Ensamble,-0.6765886347276364
lgbm,-0.22698019969701733
arima,0.022028081864888804
rf,-0.5638608705053443
Top3Ensamble,-0.25627099611249804
lgbm,-0.7706572615933283
rf,-0.9823593460255609
Top3Ensamble,-0.8765083038094517
arima,-0.2644175066263763
xgb,-0.36662401258945465
rf,-0.48255317475296167
Top3Ensamble,-0.37119823132293206
xgb,-0.5664535164833069
rf,-0.3192861716301465
Top3Ensamble,-0.44286984405673024
rf,-8.742581584708091
lgbm,-7.286320761286362
Top3Ensamble,-8.014451172997184
rf,-4.0877733693294545
lgbm,-2.3969348930166916
arima,-3.8224897819704893
Top3Ensamble,-3.4357326814388784
xgb,-0.4910000562667989
linreg,-0.5038248891246582
rf,-0.18344200494955487
Top3Ensamble,-0.39275565011368485
rf,5.143311119083933
lgbm,7.094368506426349
Top3Ensamble,6.118839812755141
rf,2.5793494260137777
lgbm,3.686074261735257
Top3Ensamble,3.1327118438745174
rf,-0.6598611028983186
arima,-0.7942761322412082
Top3Ensamble,-0.7270686175697705
lgbm,-0.9590831830895894
arima,-0.9179705448440814
rf,-1.1331917276931094
Top3Ensamble,-1.0034151518755934
lgbm,2.292783644428681
rf,1.7210236706820297
Top3Ensamble,2.0069036575553554
arima,0.245584629604096
xgb,0.17696544528007863
rf,0.07755474547994012
Top3Ensamble,0.16670160678803825
xgb,0.25103726983069663
rf,0.3074438009632914
Top3Ensamble,0.279240535396994
rf,-0.45871775972096884
lgbm,-0.8412155405480064
Top3Ensamble,-0.6499666501345018
rf,0.007938876077730583
lgbm,-1.5876919895853803
arima,1.0875138801388857
Top3Ensamble,-0.1640797444562736
xgb,-0.4110058546066142
linreg,-0.5585984897889347
rf,-0.1052021403344412
Top3Ensamble,-0.3582688282433253
rf,-0.8017668870340913
lgbm,3.00675169275587
Top3Ensamble,1.1024924028608893
rf,0.3313303743174174
lgbm,0.8119167344597145
Top3Ensamble,0.5716235543885659
rf,-0.3418713212880249
arima,-0.5142697235497735
Top3Ensamble,-0.4280705224188921
lgbm,0.23193185165823138
arima,0.08202945515591153
rf,0.005118195516409685
Top3Ensamble,0.10635983411018657
lgbm,-1.5803244312531533
rf,-1.3526568652663116
Top3Ensamble,-1.466490648259736
arima,0.08558287484334315
xgb,-0.046741880476478315
rf,-0.12871579347790885
Top3Ensamble,-0.029958266370343267
xgb,-0.7413176670670438
rf,-0.8248363729153994
Top3Ensamble,-0.783077019991218
rf,0.24635307248746585
lgbm,0.8061414360090282
Top3Ensamble,0.5262472542482328
rf,-17.304006056703315
lgbm,-9.089316416108716
arima,-7.272501989001739
Top3Ensamble,-11.221941487271351
xgb,0.05844378098844061
linreg,-0.3895318559461032
rf,0.14462376353094442
Top3Ensamble,-0.06215477047558693
rf,-2.233951542368459
lgbm,0.34945165081580853
Top3Ensamble,-0.9422499457763251
rf,-2.492890844848489
lgbm,0.26030789305195867
Top3Ensamble,-1.1162914758982652
rf,-0.061359745175053604
arima,-0.13426484073727352
Top3Ensamble,-0.09781229295616356
lgbm,-0.8191902657666219
arima,-0.4279688663772916
rf,-0.8264472641992882
Top3Ensamble,-0.6912021321143982
lgbm,-2.9595714358106804
rf,-2.171218616835141
Top3Ensamble,-2.5653950263229106
arima,-0.29441628592324776
xgb,-0.4356637299060786
rf,-0.5093791835117365
Top3Ensamble,-0.41315306644701977
xgb,-0.6367274224758148
rf,0.5292234380265057
Top3Ensamble,-0.05375199222465454
rf,-0.06513708112265704
lgbm,-0.08002075386258412
Top3Ensamble,-0.07257891749262058
rf,-10.766493051473105
lgbm,-0.5045527072971367
arima,-2.4925032097048074
Top3Ensamble,-4.587849656158312
xgb,-0.16287236288189888
linreg,-0.7008203858024729
rf,-0.09236465447213504
Top3Ensamble,-0.3186858010521547
rf,-8.362465636953289
lgbm,-3.3469521810247898
Top3Ensamble,-5.854708908989096
rf,-5.538064845986696
lgbm,-4.050194493058484
Top3Ensamble,-4.79412966952259
rf,-0.07832466015297257
arima,-0.19427002872555477
Top3Ensamble,-0.13629734443927077
lgbm,-0.3617737207740319
arima,-0.24796856120151034
rf,-0.379848607759655
Top3Ensamble,-0.3298636299117348
lgbm,-2.335183810408182
rf,-2.3759307960995173
Top3Ensamble,-2.355557303253846
arima,-1.234416819980865
xgb,-1.386910200119015
rf,-1.3701526396517352
Top3Ensamble,-1.330493219917205
xgb,-0.18538279831410875
rf,-0.10373610521389764
Top3Ensamble,-0.1445594517639961
rf,0.7297226149873381
lgbm,1.3368620418702335
Top3Ensamble,1.0332923284287858
rf,-9.92756222070227
lgbm,-0.21523070003331668
arima,-1.7724714714236143
Top3Ensamble,-3.9717547973863816
xgb,0.18676117062570086
linreg,-0.01631016028274246
rf,0.2996283222474432
Top3Ensamble,0.15669311086345772
rf,1.9865540303746911
lgbm,3.2335062304802022
Top3Ensamble,2.6100301304275035
rf,-1.2077282536321263
lgbm,1.1635490300751599
Top3Ensamble,-0.02208961177848323
rf,-0.8464039228079656
arima,-0.8042706390771173
Top3Ensamble,-0.8253372809425343
lgbm,1.0151379055841474
arima,0.9320279292770053
rf,0.6364915702281237
Top3Ensamble,0.8612191350297564
lgbm,-0.745682884545964
rf,-0.6207185790559038
Top3Ensamble,-0.6832007318009374
arima,0.6355840192525193
xgb,0.3216969072818685
rf,0.44505605918752167
Top3Ensamble,0.46744566190730197
xgb,0.30101630091668596
rf,1.1718079229356562
Top3Ensamble,0.7364121119261711
rf,1.06061539464406
lgbm,1.4703461587723154
Top3Ensamble,1.2654807767081877
rf,2.935543747002953
lgbm,2.1100801997453686
arima,4.437489466076499
Top3Ensamble,3.161037804274997
xgb,-0.2453977167606496
linreg,-0.5690989071359382
rf,-0.2633393648115998
Top3Ensamble,-0.3592786629027387
rf,-2.122169804087207
lgbm,-2.3458770456619504
Top3Ensamble,-2.234023424874522
rf,1.2347880559760824
lgbm,2.6486398766573984
Top3Ensamble,1.9417139663166836
rf,0.7661608291863615
arima,0.8557330230322577
Top3Ensamble,0.8109469261093096
lgbm,-0.1457319279103757
arima,-0.15797222331088534
rf,-0.1994414225591754
Top3Ensamble,-0.16771519126015022
lgbm,1.439456814677591
rf,1.6136203544639827
Top3Ensamble,1.5265385845707868
arima,-0.14441666739297432
xgb,-0.3028393387794388
rf,-0.32432048961442916
Top3Ensamble,-0.2571921652622784
xgb,-0.9474376440048289
rf,-0.5216739483549517
Top3Ensamble,-0.7345557961798903
rf,3.593921579644501
lgbm,3.7061780666641084
Top3Ensamble,3.6500498231542906
rf,-13.023438178096512
lgbm,-4.084449549217993
arima,-3.9324751335329893
Top3Ensamble,-7.013454286949184
xgb,0.08686873316767674
linreg,-0.18454702401071188
rf,0.018075447115066368
Top3Ensamble,-0.026534281242660995
rf,-7.133728338943683
lgbm,-6.692171396208209
Top3Ensamble,-6.91294986757589
rf,-5.485337131867254
lgbm,-4.335214124591403
Top3Ensamble,-4.9102756282293285
rf,-1.0519449650166166
arima,-0.6642712494286798
Top3Ensamble,-0.8581081072226482
lgbm,-1.516425923534058
arima,-1.587968713789401
rf,-1.7299782298581476
Top3Ensamble,-1.6114576223938641
lgbm,-0.42040941290689204
rf,-0.13417371929389077
Top3Ensamble,-0.27729156610038785
arima,-0.4544161333353607
xgb,-0.6482946574687958
rf,-0.6782306812351173
Top3Ensamble,-0.593647157346421
xgb,-0.8187457472085953
rf,-1.126115053276159
Top3Ensamble,-0.9724304002423807
rf,-3.116798540980625
lgbm,-2.6347440951907686
Top3Ensamble,-2.8757713180856967
rf,-10.456844531263926
lgbm,-10.601278880800976
arima,-9.992503209704807
Top3Ensamble,-10.350208873923236
xgb,-0.5213194787502431
linreg,-0.8882419583539445
rf,-0.2291683940142093
Top3Ensamble,-0.5462432770394514
rf,-6.286772871583821
lgbm,-3.0370710844221094
Top3Ensamble,-4.661921978002965
rf,-5.433518505393749
lgbm,-3.2411045532525122
Top3Ensamble,-4.337311529323188
rf,-0.625738199109577
arima,-0.21427430118649227
Top3Ensamble,-0.4200062501480346
lgbm,-0.1721463308629012
arima,0.07202731892544278
rf,-0.2535596895915191
Top3Ensamble,-0.11789290050966628
lgbm,-0.6986452011397333
xgb,-0.451382651925087
arima,-0.6595971714790139
Top3Ensamble,-0.603208341514609
arima,0.24723602111713916
rf,0.24715034981803186
Top3Ensamble,0.24719318546758728
arima,0.1967432229237147
rf,0.1420291281503907
Top3Ensamble,0.16938617553704916
rf,0.1636808651715853
xgb,1.1067837476730347
Top3Ensamble,0.6352323064223242
rf,3.9255031623259242
xgb,2.5771623831242323
arima,2.72648580162155
Top3Ensamble,3.0763837823572544
rf,0.31738787260580636
lgbm,0.40836921082591005
arima,0.34320267167372265
Top3Ensamble,0.3563199183684702
xgb,4.112999081611633
rf,4.36323684910883
lgbm,7.090816246987515
Top3Ensamble,5.189017392569326
rf,3.528891607622427
xgb,3.4685243368148804
arima,6.746612019331906
Top3Ensamble,4.5813426545897755
rf,0.36516020292589246
xgb,0.3875294625759125
lgbm,0.6622409689740181
Top3Ensamble,0.4716435448252696
rf,-0.13102885697534816
xgb,0.014643199741847468
Top3Ensamble,-0.0581928286167539
lgbm,0.9158341656712423
xgb,1.333946354687214
arima,1.1804029811088697
Top3Ensamble,1.1433945004891086
arima,0.40723777587787424
rf,0.22285960985932363
Top3Ensamble,0.3150486928686007
arima,-0.19325998142199552
rf,0.49611260909228605
Top3Ensamble,0.15142631383514527
rf,3.4803786646384083
xgb,3.8408294916152954
Top3Ensamble,3.660604078126852
rf,0.35501697559681133
xgb,-1.2984011173247723
arima,-0.14353983314407515
Top3Ensamble,-0.3623079916239931
rf,0.055607105825842496
lgbm,0.026039092325447655
arima,0.12320145097058344
Top3Ensamble,0.0682825497072912
xgb,1.3274539709091187
rf,1.7441579206397364
lgbm,-0.2794767513611305
Top3Ensamble,0.9307117133959082
rf,-0.12225358855084778
xgb,-0.16023695468902588
arima,2.4965509841756557
Top3Ensamble,0.7380201469786698
rf,-0.5400560375272647
xgb,-0.38516415655612946
lgbm,-0.12119545056627601
Top3Ensamble,-0.34880521488322813
rf,1.0070998617592863
xgb,1.4946067333221364
Top3Ensamble,1.2508532975407078
lgbm,-0.18317991690974367
xgb,0.44580457732081413
arima,0.46040176040574465
Top3Ensamble,0.241008806938936
arima,0.11723686035052694
rf,-0.0579139635124335
Top3Ensamble,0.029661448419048497
arima,0.1667406289295741
rf,0.8614572101143452
Top3Ensamble,0.5140989195219632
rf,-0.5150459273866943
xgb,-0.8006141185760498
Top3Ensamble,-0.6578300229813863
rf,18.141053816773194
xgb,16.022565364837646
arima,18.286452842637175
Top3Ensamble,17.483357341415967
rf,-0.20877266173467035
lgbm,-0.32503827131594676
arima,-0.1167964127989336
Top3Ensamble,-0.2168691152831883
xgb,2.7898445278406143
rf,2.291480807186872
lgbm,2.5905098459627425
Top3Ensamble,2.5572783936634096
rf,2.0907407206599373
xgb,1.3839370012283325
arima,4.116607136519406
Top3Ensamble,2.530428286135816
rf,-0.18574588782819035
xgb,-0.35004083812236786
lgbm,0.2189579140240312
Top3Ensamble,-0.105609603975509
rf,0.1737331167818965
xgb,0.6131981015205383
Top3Ensamble,0.39346560915121387
lgbm,-1.1706230254482577
xgb,-0.6600031554698944
arima,-0.47960068100050535
Top3Ensamble,-0.7700756206395525
arima,0.037235029295846545
rf,-0.05076395137286838
Top3Ensamble,-0.006764461038503811
arima,-0.08325555637316029
rf,0.6114610248116108
Top3Ensamble,0.2641027342192146
rf,-1.8946195731010391
xgb,-2.195624351501465
Top3Ensamble,-2.045121962301266
rf,-0.9319961345187266
xgb,-2.0369794368744465
arima,1.856490684433993
Top3Ensamble,-0.3708282956530411
rf,-0.27762049637441066
lgbm,-0.3713998404548988
arima,-0.2267970231504961
Top3Ensamble,-0.29193911999327327
xgb,-1.0110036730766296
rf,-0.8210029933245551
lgbm,0.4524064765980711
Top3Ensamble,-0.4598667299343333
rf,-2.2105568394250668
xgb,-3.580114483833313
arima,-0.7633977462930943
Top3Ensamble,-2.1846896898505292
rf,-1.0443583153273153
xgb,-0.5211829170584679
lgbm,0.050410489832756866
Top3Ensamble,-0.5050435808510088
rf,-0.026184177264298114
xgb,0.29776549339294434
Top3Ensamble,0.1357906580643231
lgbm,-0.7618883033552137
xgb,-0.7452485524117947
arima,-0.7395990025337085
Top3Ensamble,-0.7489119527669104
arima,-0.1427633685313019
rf,-0.2962074196532605
Top3Ensamble,-0.21948539409228118
arima,-0.273261812476683
rf,0.4214547687080952
Top3Ensamble,0.07409647811570608
rf,-1.1635733560294454
xgb,-1.7741456031799316
Top3Ensamble,-1.4688594796047028
rf,-7.982313717788884
xgb,-8.361272096633911
arima,-5.263534950331575
Top3Ensamble,-7.202373588251476
rf,0.009431925416265585
lgbm,0.05100411773806002
arima,0.06320389237684765
Top3Ensamble,0.04121331184370547
xgb,-2.454469084739685
rf,-1.5692156134613242
lgbm,-0.7662997142086851
Top3Ensamble,-1.5966614708032694
rf,-2.9006069044588685
xgb,-4.244836688041687
arima,-1.4734197189493443
Top3Ensamble,-2.8729544371499287
rf,-0.275938931229021
xgb,0.6477929353713989
lgbm,0.7965067924444895
Top3Ensamble,0.38945359886228914
rf,-0.1322416265630011
xgb,-0.007926255464553833
Top3Ensamble,-0.07008394101377746
lgbm,-0.01600120546069661
xgb,0.4531654417514801
arima,0.7404043543998853
Top3Ensamble,0.39252286356355626
arima,-0.08276199524028627
rf,-0.3066834681959598
Top3Ensamble,-0.19472273171812304
arima,-0.26325586154894864
rf,0.4963846647283887
Top3Ensamble,0.11656440158972003
rf,-0.3254811904903363
xgb,-0.7298478186130524
Top3Ensamble,-0.5276645045516943
rf,-10.309731206228719
xgb,-10.563093543052673
arima,-9.06355326087845
Top3Ensamble,-9.978792670053224
rf,0.04705628024140651
lgbm,-0.11914015836484282
arima,0.12320145097058344
Top3Ensamble,0.017039190949049043
xgb,-1.26693856716156
rf,-1.5413760289960692
lgbm,0.44609572285685317
Top3Ensamble,-0.7874062911002966
rf,-5.016079797607858
xgb,-5.6760231256484985
arima,-2.5834050705118443
Top3Ensamble,-4.425169331256029
rf,0.16397306713872695
xgb,0.5475718975067139
lgbm,0.6929511147157257
Top3Ensamble,0.46816535978705076
rf,-0.22773425111393664
xgb,-0.12234766036272049
Top3Ensamble,-0.175040955738325
lgbm,-0.9747835746979021
xgb,-1.1041752696037292
arima,-0.5895974766548022
Top3Ensamble,-0.8895187736521493
arima,-0.06276153747661795
rf,-0.3111470711446529
Top3Ensamble,-0.18695430431063187
arima,-0.4932592184825424
rf,0.23882637221161218
Top3Ensamble,-0.1272164231354651
rf,-1.3774555643580015
xgb,0.027026891708374023
Top3Ensamble,-0.6752143363248138
rf,-1.3700808125261688
xgb,-2.142718315124455
arima,-0.3035129776752683
Top3Ensamble,-1.2721040351086117
rf,0.49697621910179635
lgbm,0.3953833650815284
arima,0.5532017561464073
Top3Ensamble,0.4818537801099012
xgb,-7.091175377368927
rf,-7.4310506436528385
lgbm,-10.684780700588362
Top3Ensamble,-8.402335573870005
rf,-5.02084855173257
xgb,-5.753289699554443
arima,-2.4634709884805943
Top3Ensamble,-4.412536413255907
rf,0.36691911646698827
xgb,0.36465078964829445
lgbm,0.2699408349219965
Top3Ensamble,0.3338369136790931
rf,-0.1465454944007618
xgb,-0.06033489853143692
Top3Ensamble,-0.10344019646609581
lgbm,-1.0443284979701204
xgb,-1.1082008071243763
arima,-1.1795976292426928
Top3Ensamble,-1.1107089781123989
arima,-0.7427637500010285
rf,-0.9409819843151688
Top3Ensamble,-0.8418728671580986
arima,-0.573261049537237
rf,0.21391548486558776
Top3Ensamble,-0.17967278233582817
rf,-4.789720392548617
xgb,-5.308324098587036
Top3Ensamble,-5.049022245567812
rf,-0.26176334254438416
xgb,-1.616006851196346
arima,0.866469932480868
Top3Ensamble,-0.33710008708663963
rf,-0.24552722568614627
lgbm,-0.44507807475886807
arima,-0.2267970231504819
Top3Ensamble,-0.3058007745318463
xgb,-7.5289705991744995
rf,-7.234321865447441
lgbm,-4.153538615563093
Top3Ensamble,-6.305610360061678
rf,-5.875530141002855
xgb,-5.113707892596722
arima,-3.4133611251993443
Top3Ensamble,-4.800866386266307
rf,0.07028462252895906
xgb,0.5257531851530075
lgbm,0.7285418861029314
Top3Ensamble,0.4415265645949802
rf,-1.0451506830769333
xgb,-0.9660318717360425
Top3Ensamble,-1.005591277406495
lgbm,0.32874211044514823
xgb,0.27119507640600204
arima,0.16040252334519778
Top3Ensamble,0.25344657006544935
arima,0.5772359448231938
rf,0.5517710315837547
Top3Ensamble,0.5645034882034743
arima,0.40674230739637096
rf,1.0318201021161997
Top3Ensamble,0.7192812047562853
rf,2.729656432306939
xgb,2.0192647874355316
Top3Ensamble,2.374460609871221
rf,-5.454368493631023
xgb,-5.2109925746917725
arima,-3.253525184706575
Top3Ensamble,-4.639628751009752
rf,0.017391697591548905
lgbm,-0.026398823402573157
arima,0.04320724931042719
Top3Ensamble,0.011400041166467645
xgb,11.791967779397964
rf,12.112334545860676
lgbm,14.893558602074222
Top3Ensamble,12.932620309110916
rf,7.43833844382732
xgb,7.132756322622299
arima,9.126555866988156
Top3Ensamble,7.8992168778125915
rf,-0.8692924156135575
xgb,-0.5124260783195496
lgbm,-0.02732416907240065
Top3Ensamble,-0.4696808876685026
rf,1.234352466167941
xgb,1.2035150527954102
Top3Ensamble,1.218933759481672
lgbm,0.8598213713988514
xgb,0.6981750614941049
arima,0.620401607817854
Top3Ensamble,0.7261326802369368
arima,0.34723640258684796
rf,0.1512002453695942
Top3Ensamble,0.24921832397822286
arima,1.1267435280994889
rf,1.7917706188646036
Top3Ensamble,1.4592570734820498
rf,7.041875687004847
xgb,6.458137631416321
Top3Ensamble,6.750006659210584
rf,-1.1245365381509487
xgb,-1.9301069974898724
arima,0.0564418563091067
Top3Ensamble,-0.9994005597773139
rf,-0.31840898203670065
lgbm,-0.5236586824725862
arima,-0.2468012956114194
Top3Ensamble,-0.36295632004022593
xgb,-0.7329664826393127
rf,-0.4348550085409215
lgbm,-0.3261009788178626
Top3Ensamble,-0.497974156666146
rf,2.167402205635767
xgb,1.5227709710597992
arima,3.5165705154256557
Top3Ensamble,2.4022478973737407
rf,0.18585368106087685
xgb,0.5525507926940918
lgbm,0.6657757080323989
Top3Ensamble,0.4680600605957892
rf,1.6983602537503728
xgb,1.9656564146280289
Top3Ensamble,1.8320083341891973
arima,0.18674108669323886
rf,0.8615874760679247
Top3Ensamble,0.5241642813805854
rf,-2.5560838008264
xgb,-4.401909351348877
arima,-0.21351663978470015
Top3Ensamble,-2.390503263986659
rf,-0.1323583067280083
lgbm,-0.32495569433400817
arima,-0.05679122481066656
Top3Ensamble,-0.171368408624204
xgb,4.488195061683655
rf,3.869226879386133
lgbm,6.086466841981178
Top3Ensamble,4.814629594350322
rf,0.372097441138294
xgb,0.5804798603057861
arima,2.6866144607381557
Top3Ensamble,1.2130639207274498
rf,-0.2619350502649809
xgb,-0.07940515875816345
lgbm,0.2975155883501799
Top3Ensamble,-0.014608206890997621
lgbm,-0.3354161586418485
xgb,0.22874023020267487
arima,0.16039870864793215
Top3Ensamble,0.01790759340292425
arima,-0.3527643603525874
rf,-0.5197764326598957
Top3Ensamble,-0.436270396506238
arima,0.2867395608143326
rf,0.9517557508999843
Top3Ensamble,0.6192476558571585
rf,-5.78710193551683
xgb,-6.187473326921463
Top3Ensamble,-5.9872876312191465
rf,-5.616956226948048
xgb,-6.572856187820378
arima,-4.043533729628393
Top3Ensamble,-5.411115381465606
rf,-0.07267633898624126
lgbm,-0.1433867776473221
arima,0.013208470013537976
Top3Ensamble,-0.06761821554000846
xgb,2.2772123962640762
rf,1.4537980485274602
lgbm,2.0083808716335625
Top3Ensamble,1.9131304388083663
rf,-2.7131181619529343
xgb,-4.240660190582275
arima,0.056609577925655685
Top3Ensamble,-2.2990562582032226
rf,-0.3584559641649605
xgb,-0.13680174946784973
lgbm,-0.07700035898659507
Top3Ensamble,-0.19075269087313984
rf,-0.8222291669736066
xgb,-0.7471234872937202
Top3Ensamble,-0.784676327133667
lgbm,-0.7997687767805672
xgb,-0.5838782489299774
arima,-0.31959701889113035
Top3Ensamble,-0.5677480148672203
arima,0.23723769958393248
rf,0.09511278886825991
Top3Ensamble,0.1661752442260962
arima,-0.5832593710704259
rf,0.08227272252974416
Top3Ensamble,-0.2504933242703373
rf,1.482449956022549
xgb,1.148719072341919
Top3Ensamble,1.315584514182234
rf,-2.5465341387588865
xgb,-3.4814766645432087
arima,-1.503525184706632
Top3Ensamble,-2.51051199600289
rf,-0.3610337323913342
lgbm,-0.1281644713215968
arima,-0.28680221113877735
Top3Ensamble,-0.2586668049505505
xgb,-2.479679122567177
rf,-3.323634510688521
lgbm,-3.6672291981892613
Top3Ensamble,-3.1568476104815772
rf,-6.061461305976309
xgb,-7.150964736938477
arima,-2.8734441330118443
Top3Ensamble,-5.361956725308914
rf,-0.19509330722365803
xgb,-0.1706981658935547
lgbm,0.06834429916871443
Top3Ensamble,-0.09914905798284224
rf,0.17264079945404376
xgb,0.2128755971789431
Top3Ensamble,0.19275819831648988
lgbm,-0.5976970610369463
xgb,-0.38214027881621604
arima,-0.14959884994581074
Top3Ensamble,-0.37647872993299103
arima,0.12723708923236998
rf,-0.02082892551472426
Top3Ensamble,0.05320408185882286
arima,0.116741391869013
rf,0.7738456195032128
Top3Ensamble,0.4452935056861165
rf,-1.5303322297604893
xgb,-1.5573881343007088
Top3Ensamble,-1.5438601820305848
rf,-1.9422069609525465
xgb,-1.8480433374643894
arima,-1.8335117569722001
Top3Ensamble,-1.8745873517963787
rf,0.054043786592941956
lgbm,0.14596128526868313
arima,0.16320236649796982
Top3Ensamble,0.12106914611986497
xgb,-0.6061339527368546
rf,-1.1185124190715214
lgbm,-2.121325363337519
Top3Ensamble,-1.281990578381965
rf,-1.0495402387197146
xgb,-2.1976637840270996
arima,2.2466120193319057
Top3Ensamble,-0.3335306678048937
rf,0.5528000827810047
xgb,0.7125867903232574
lgbm,0.7145055620456873
Top3Ensamble,0.6599641450499831
rf,-0.07527591462127958
xgb,-0.00712180882692337
Top3Ensamble,-0.041198861724097924
lgbm,-0.7553389168471938
xgb,-0.08531981706619973
arima,0.51040481216355
Top3Ensamble,-0.11008464058328116
arima,-0.35276436035258385
rf,-0.5366151791044054
Top3Ensamble,-0.4446897697284946
arima,0.14674398586316073
rf,0.9610131749493434
Top3Ensamble,0.5538785804062414
rf,5.133069989003303
xgb,4.602094650268526
Top3Ensamble,4.867582319635886
rf,0.2747220839487454
xgb,-0.6383285522460369
arima,1.1664577254497317
Top3Ensamble,0.2676170857174043
rf,0.16139082623234913
lgbm,0.10649192297259447
arima,0.22320755448623686
Top3Ensamble,0.1636967678970791
xgb,-0.7915338277816772
rf,0.3972336168653783
lgbm,-2.8460675227640877
Top3Ensamble,-1.0801225778934622
rf,1.0985035398981609
xgb,-0.5806870460510254
arima,3.7165827224569057
Top3Ensamble,1.4114664054346804
rf,0.7165590789593352
xgb,0.5256805270910263
lgbm,0.9101462308839103
Top3Ensamble,0.7174619456447573
rf,0.20968351973798605
xgb,0.3781658858060837
Top3Ensamble,0.2939247027720313
lgbm,-1.4664672602206323
xgb,-1.2523398399353027
arima,-1.0295999180610522
Top3Ensamble,-1.2494690060723315
arima,0.34723640258686217
rf,0.12489283336811852
Top3Ensamble,0.23606461797749034
arima,-0.3832586081309799
rf,0.4374200730057325
Top3Ensamble,0.027080732437376298
rf,-2.8200214202124982
xgb,-0.3890978842973709
Top3Ensamble,-1.6045596522549204
rf,0.6435820177775895
xgb,0.19791442155832328
arima,0.836471153183993
Top3Ensamble,0.5593225308400065
rf,0.16277314264563358
lgbm,0.056301256713368275
arima,0.22319992509171982
Top3Ensamble,0.14742477481691196
xgb,-3.3737799525260925
rf,-3.6052428841773008
lgbm,-8.466316379587738
Top3Ensamble,-5.148446405430263
rf,-1.8695054294767033
xgb,-3.2014888525009155
arima,0.3565973708944057
Top3Ensamble,-1.5714656370276998
rf,0.24388993894012856
xgb,-0.21473535895347595
lgbm,0.3242164339972504
Top3Ensamble,0.11779033799463434
rf,-0.263989356015756
xgb,-0.18267344683408737
Top3Ensamble,-0.2233314014249217
lgbm,0.04445108301452905
xgb,0.29437093436717987
arima,0.5004026759330884
Top3Ensamble,0.27974156443827525
arima,-0.11276268188579763
rf,-0.30454054599159974
Top3Ensamble,-0.20865161393868803
arima,0.036739560814332606
rf,0.8311738222167193
Top3Ensamble,0.43395669151553307
rf,0.7209605158250838
xgb,1.2068684115074575
Top3Ensamble,0.9639144636662706
rf,-0.8375661229858338
xgb,-2.889469861984253
arima,-0.10353128822220015
Top3Ensamble,-1.2768557577308002
rf,0.25641251819219235
lgbm,0.24758786538295396
arima,0.3232060286073164
Top3Ensamble,0.27573547072749705
xgb,-0.3244657516479492
rf,-0.5200040165879045
lgbm,-2.3617164706842004
Top3Ensamble,-1.0687287463066468
rf,-1.315387123430014
xgb,-2.818441867828369
arima,1.1565851638631557
Top3Ensamble,-0.9924146091316288
rf,0.19590143340228394
xgb,0.09553908556701174
lgbm,0.21134669645044823
Top3Ensamble,0.1675957384732527
rf,0.7138510949065662
xgb,0.43379396200180054
Top3Ensamble,0.5738225284541869
lgbm,1.0436885930734263
xgb,1.2339977435767722
arima,1.170400844878401
Top3Ensamble,1.149362393842864
arima,-0.2027628344736918
rf,-0.3689572876583469
Top3Ensamble,-0.2858600610660105
arima,-0.013259676246207164
rf,0.7811745851561795
Top3Ensamble,0.3839574544549862
rf,0.8859317730195926
xgb,-0.51271653175354
Top3Ensamble,0.18660762063302627
rf,-0.36737104994443825
xgb,-1.3762626647949219
arima,0.5064540633402999
Top3Ensamble,-0.41239321713311483
rf,-0.20010775505178913
lgbm,-0.09424258747884551
arima,-0.17680160078720064
Top3Ensamble,-0.15705064777262123
xgb,-2.3335646986961365
rf,-2.193526293564105
lgbm,-4.389433722618151
Top3Ensamble,-2.972174904959388
rf,-3.5970020710312838
xgb,-4.91662335395813
arima,-0.7034001876993443
Top3Ensamble,-3.0723418708962527
rf,-0.22946250702794657
xgb,-0.3984518647194051
lgbm,-0.4199486918854234
Top3Ensamble,-0.3492876878775917
rf,0.7076714943999818
xgb,0.5046811103820801
Top3Ensamble,0.6061763023910345
lgbm,-2.939243890924871
xgb,-2.9070226848125458
arima,-2.6795976292426857
Top3Ensamble,-2.8419547349933723
arima,-0.23276352111918897
rf,-0.30938629916317595
Top3Ensamble,-0.2710749101411878
arima,0.006740781517464711
rf,0.8424920554059412
Top3Ensamble,0.42461641846170295
rf,-1.7234311396682074
xgb,-2.412850499153137
Top3Ensamble,-2.068140819410644
rf,1.8018754160048047
xgb,0.8492259979248047
arima,2.6564784774028
Top3Ensamble,1.769193297110803
rf,0.03965494435179551
lgbm,-0.17513989650872475
arima,-0.05679122481066656
Top3Ensamble,-0.06409205898920334
xgb,-7.060688495635986
rf,-5.112676769408722
lgbm,-11.012747198638294
Top3Ensamble,-7.728704154561001
rf,-1.9460513851738597
xgb,-2.853667974472046
arima,0.3965753982381557
Top3Ensamble,-1.4677146538025454
rf,0.3593904025679109
xgb,0.11784085631371966
lgbm,0.08576811758217673
Top3Ensamble,0.18766645882125488
rf,0.26786054682632
xgb,0.10861897468567605
Top3Ensamble,0.18823976075599091
lgbm,-0.24887349444885842
xgb,-0.6533504128456116
arima,-0.1095979344184741
Top3Ensamble,-0.33727394723765514
arima,0.07723594482319385
rf,-0.1558429413118425
Top3Ensamble,-0.039303498244322554
arima,0.06674215480846613
rf,0.8159695078536799
Top3Ensamble,0.44135583133108014
rf,-12.53430146904006
xgb,-2.257866382598877
Top3Ensamble,-7.396083925819482
rf,-4.202287969240501
xgb,-6.209764003753605
arima,-1.7235264054097001
Top3Ensamble,-4.045192792801288
rf,0.776437692606919
lgbm,0.7080809057101476
arima,0.8332005354432681
Top3Ensamble,0.772573044586764
xgb,2.022887695580721
rf,1.8643384368590432
lgbm,-0.7265285677200382
Top3Ensamble,1.0535658549065374
rf,2.37822870178843
xgb,3.0139745846390724
arima,4.776580281050656
Top3Ensamble,3.3895945224927573
rf,1.0383641902494105
xgb,0.6842080950737
lgbm,1.258727234383855
Top3Ensamble,0.9937665065689743
rf,0.28238707088519277
xgb,-0.22744572162627463
Top3Ensamble,0.027470674629455516
lgbm,-0.6521451158068032
xgb,-0.7473041117191315
arima,-0.5295999180610522
Top3Ensamble,-0.6430163818623313
arima,-0.4227640551768097
rf,-0.6292102762042688
Top3Ensamble,-0.5259871656905375
rf,-10.45200854241827
xgb,0.9842007160186768
Top3Ensamble,-4.733903913199811
rf,-1.5983440783702605
xgb,-1.8668630719184947
Top3Ensamble,-1.7326035751443811
lgbm,-0.08457257912515104
xgb,0.025401264429092407
arima,-0.10959793441846699
Top3Ensamble,-0.056256416371503803
arima,0.4472367840565852
rf,0.26078718479205776
Top3Ensamble,0.354011984424325
rf,0.5169564092283565
xgb,0.19821950793266296
Top3Ensamble,0.3575879585804955
rf,0.9564076920563167
xgb,0.3952501416206431
Top3Ensamble,0.6758289168384763
lgbm,1.4442399909623092
xgb,1.5588278025388718
arima,1.5704023707573072
Top3Ensamble,1.5244900547528317
arima,-0.1427633685313019
rf,-0.2874213431098589
Top3Ensamble,-0.2150923558205804
arima,-0.36326196506458075
rf,0.3980087711896587
Top3Ensamble,0.01737340306253543
rf,0.24384759425555558
xgb,-0.14723852276802063
Top3Ensamble,0.048304535743767474
rf,-4.005453481245581
xgb,-4.5813188552856445
arima,-2.893539833144075
Top3Ensamble,-3.8267707232250814
rf,-0.0632774496859696
lgbm,-0.3112715444442671
arima,-0.056798854205212024
Top3Ensamble,-0.14378261611180676
xgb,-4.99290207028389
rf,-5.226446053421114
lgbm,-7.419302958393814
Top3Ensamble,-5.879550360699682
rf,-5.3561410429579155
xgb,-4.015059769153595
arima,-3.0033879806680943
Top3Ensamble,-4.124862930926497
rf,-0.36511839188274564
xgb,-0.7318331301212169
lgbm,-0.6078380195805266
Top3Ensamble,-0.568263180528163
rf,-0.4813565320942246
xgb,-0.5156129598617554
Top3Ensamble,-0.49848474597798287
lgbm,-1.0806723754883834
xgb,-1.0862729251384735
arima,-0.6795976292426928
Top3Ensamble,-0.9488476432898452
arima,-0.5427629870615753
rf,-0.6744989710837785
Top3Ensamble,-0.6086309790726787
arima,-0.1632573874278478
rf,0.5896240808059332
Top3Ensamble,0.2131833466890427
rf,-4.39330836902414
xgb,-4.855702102184296
Top3Ensamble,-4.624505235604204
rf,-0.9842367457409296
xgb,-2.14466214179987
arima,0.2664943465434817
Top3Ensamble,-0.9541348469991249
rf,-0.25919425174377864
lgbm,-0.2874788030299271
arima,-0.2267970231505103
Top3Ensamble,-0.25782335930806255
xgb,-6.377095460891724
rf,-4.4784286718113435
lgbm,-7.543389770750196
Top3Ensamble,-6.132971301151088
rf,-5.815334068625134
xgb,-6.487194940447807
arima,-4.633453898636844
Top3Ensamble,-5.6453276359033
rf,-0.7795240757876911
xgb,-1.0996988117694855
lgbm,-0.8303033425702893
Top3Ensamble,-0.9031754100424934
rf,-0.2864675829646828
xgb,-0.4851425290107727
Top3Ensamble,-0.3858050559877313
lgbm,-1.0377311005585952
xgb,-1.2283627837896347
arima,-1.4596002232368335
Top3Ensamble,-1.2418980358616878
arima,-0.04276298706157533
rf,-0.08519140014830384
Top3Ensamble,-0.06397719360493781
arima,-0.5332601340098932
rf,0.20550437535818844
Top3Ensamble,-0.1638778793258524
rf,0.7299359796711826
xgb,0.5209536105394363
Top3Ensamble,0.6254447951052953
rf,-7.8620029007281005
xgb,-9.03845405578619
arima,-5.783554481581632
Top3Ensamble,-7.561337146032031
rf,-0.14051916833372502
lgbm,-0.042597341108361775
arima,-0.1267909196348853
Top3Ensamble,-0.1033024763589907
xgb,-16.89150071144104
rf,-15.901043210905186
lgbm,-18.503762181850107
Top3Ensamble,-17.098768701398853
rf,-10.980363336198707
xgb,-9.717061832547188
arima,-8.043366008011844
Top3Ensamble,-9.58026372558595
rf,-0.1306073843810509
xgb,0.0054829418659210205
lgbm,-0.1259438369660586
Top3Ensamble,-0.08368942649372002
rf,0.2385403088879059
xgb,0.1944008171558309
Top3Ensamble,0.21647056302187195
lgbm,1.5354463817086028
xgb,1.2596307843923569
arima,1.0104009974662915
Top3Ensamble,1.2684927211890837
arima,0.2672364788808146
rf,0.05417030679218726
Top3Ensamble,0.16070339283649915
arima,0.036743375511605336
rf,0.785893915288753
Top3Ensamble,0.41131864540018626
rf,2.8319382584695063
xgb,2.312376856803894
Top3Ensamble,2.5721575576367
rf,-0.5300054203835316
xgb,-0.30315226316452026
arima,0.7264858016215499
Top3Ensamble,-0.03555729397550067
rf,-0.3558762784923175
lgbm,-0.5260703942429359
arima,-0.2967967179746722
Top3Ensamble,-0.39291446356997994
xgb,-4.400703898165375
rf,-2.57841340233972
lgbm,-6.643339312250873
Top3Ensamble,-4.540818870918656
rf,-7.644030998967764
xgb,-5.230860948562622
arima,-4.843414836136844
Top3Ensamble,-5.906102261222372
rf,-1.4536891683963518
xgb,-1.491121243685484
lgbm,-1.324465399842964
Top3Ensamble,-1.4230919373082571
rf,-0.2157021118408835
xgb,-0.4256080090999603
Top3Ensamble,-0.3206550604704219
lgbm,1.1249549823225493
xgb,0.9171193912625313
arima,0.9404013026420728
Top3Ensamble,0.9941585587423845
arima,0.13723731811420592
rf,-0.05182204127580192
Top3Ensamble,0.042707638419202
arima,0.7667391030506536
rf,1.5221715060283714
Top3Ensamble,1.1444553045395196
rf,-2.1190189165018865
xgb,-2.3590512722730637
Top3Ensamble,-2.239035094387475
rf,0.033131721342385845
xgb,-0.16082096099853516
arima,0.25645406334029985
Top3Ensamble,0.0429216078946979
rf,-0.25743505702465086
lgbm,-0.28858730758641116
arima,-0.20680038008410406
Top3Ensamble,-0.250940914898365
xgb,13.305165946483612
rf,14.166990901220288
lgbm,10.653948150579026
Top3Ensamble,12.70870166609427
rf,9.476790179070804
xgb,10.1766487210989
arima,11.756560749800656
Top3Ensamble,10.469999883323453
rf,0.43430546886736465
xgb,0.6810885667800903
lgbm,0.5875542445895405
Top3Ensamble,0.5676494267456746
rf,-0.23261960859398556
xgb,-0.3334231674671102
Top3Ensamble,-0.2830213880305479
lgbm,1.8392150120923603
xgb,1.1504938639700413
arima,1.0504019129936353
Top3Ensamble,1.3467035963520075
arima,-0.18276428405865275
rf,-0.31813413556005443
Top3Ensamble,-0.2504492098093536
arima,0.2167436806873866
rf,0.24720064146929133
Top3Ensamble,0.23197216107834606
rf,-0.8672176899752344
xgb,-1.1514900028705597
Top3Ensamble,-1.009353846422897
rf,-0.1866483703424251
xgb,-0.27010935544961967
arima,-0.46351663978470015
Top3Ensamble,-0.30675812185899076
rf,0.03137289728179837
lgbm,-0.17679627456905678
arima,0.09320267167372265
Top3Ensamble,-0.017406901871197533
xgb,-2.3009631633758545
rf,-3.457954768311197
lgbm,-1.622082417161323
Top3Ensamble,-2.460333449616087
rf,-3.1698306164713586
xgb,-1.5088062286376953
arima,-0.8934026291055943
Top3Ensamble,-1.8573464914048827
rf,0.9361067363168587
xgb,1.0059338510036469
lgbm,1.07823842927246
Top3Ensamble,1.0067596721976457
rf,-0.4526478534346765
xgb,-0.6034274399280548
Top3Ensamble,-0.5280376466813692
arima,0.29674169704480846
rf,0.3028842089619417
Top3Ensamble,0.29981295300336797
rf,-1.7634839051592053
xgb,-2.030839502811432
arima,-2.55354349525345
Top3Ensamble,-2.11595563440801
rf,-0.2032233047433607
lgbm,-0.27841566957745556
arima,-0.13679305586535406
Top3Ensamble,-0.20614401006207572
xgb,8.215378165245056
rf,8.301648755093993
lgbm,6.178524450546206
Top3Ensamble,7.565183790295123
rf,5.075760619163475
xgb,6.631147384643555
arima,7.246550984175656
Top3Ensamble,6.317819662660895
rf,-0.19912104564811273
xgb,-0.01878458261489868
lgbm,0.3188582524727508
Top3Ensamble,0.033650874736579794
lgbm,1.6986538129891002
xgb,1.521271288394928
arima,0.9504034388725415
Top3Ensamble,1.3901095134188566
arima,0.17723632629291686
rf,0.18706965447224988
Top3Ensamble,0.18215299038257982
arima,-0.003257540015745519
rf,0.09140748708329482
Top3Ensamble,0.04407497353377465
rf,0.5539194125160236
xgb,-0.006029188632965088
Top3Ensamble,0.2739451119415435
rf,7.465448379839472
xgb,6.765740409493503
arima,7.056472373887175
Top3Ensamble,7.09588705440666
rf,0.04854050961291989
lgbm,0.11645370334765914
arima,0.18319900956436186
Top3Ensamble,0.11606440750831837
xgb,0.8773014545440674
rf,0.6821358819556735
lgbm,-0.3443036493981708
Top3Ensamble,0.40504456236715214
rf,-0.41111690038690085
xgb,0.18665848672389984
arima,1.7665705154256557
Top3Ensamble,0.5140373672542182
rf,0.00484667838570374
xgb,0.3763832449913025
lgbm,0.31755610051912697
Top3Ensamble,0.23292867463204914
rf,-0.6960589127056451
xgb,-0.8655201494693756
Top3Ensamble,-0.7807895310875068
lgbm,1.501819251614947
xgb,1.4308139346539974
arima,1.4104025233451978
Top3Ensamble,1.4476785698713783
arima,0.31723571594135436
rf,0.15080033144225524
Top3Ensamble,0.23401802369180302
arima,0.6767427651600357
rf,0.604355089404784
Top3Ensamble,0.6405489272824099
rf,2.6819519508252654
xgb,2.813962876796694
Top3Ensamble,2.7479574138109797
rf,0.37423607336387477
xgb,-0.015767097473087688
arima,3.2664638289653
Top3Ensamble,1.2083109349519532
rf,0.18787127618628574
lgbm,-0.014199208440430766
arima,0.3032017561463647
Top3Ensamble,0.15895794129740182
xgb,13.218611359596252
rf,12.873956437919674
lgbm,12.66370791521399
Top3Ensamble,12.918758570909972
rf,10.711018629351543
xgb,10.589235305786133
arima,12.996612019331906
Top3Ensamble,11.432288651489785
rf,1.108756263469516
xgb,1.1801600158214711
lgbm,1.3178511859756554
Top3Ensamble,1.2022558217555286
rf,0.8103764858353273
xgb,0.644395500421524
Top3Ensamble,0.7273859931284221
lgbm,2.5741272815038627
xgb,2.0206386744976044
arima,2.3603994715873853
Top3Ensamble,2.3183884758629603
arima,0.347238309935495
rf,0.4033980445087053
Top3Ensamble,0.37531817722209837
arima,0.01673910305066073
rf,0.030454731936011115
Top3Ensamble,0.023596917493335923
rf,5.492349271046891
xgb,5.51822394132617
Top3Ensamble,5.505286606186587
rf,-9.154442378156432
xgb,-8.740067720413208
arima,-5.9735264054097
Top3Ensamble,-7.956012167993094
rf,-0.013307074071917668
lgbm,0.01860446410276495
arima,0.0032063337831260696
Top3Ensamble,0.002834574604662521
xgb,1.0286089181900024
rf,0.9034001968972234
lgbm,2.48903017486316
Top3Ensamble,1.4736797633167953
rf,-1.0194285956517888
xgb,-1.1307964324951172
arima,1.2765802810506557
Top3Ensamble,-0.291214915698788
rf,0.7225109542797554
xgb,0.4896757453679754
lgbm,0.6095549344024818
Top3Ensamble,0.6072472113500567
rf,0.42678419955301905
xgb,-0.1582258939743042
Top3Ensamble,0.13427915278936098
lgbm,-0.8987924206839324
xgb,-1.402081017382443
arima,-1.4295976292426928
Top3Ensamble,-1.243490355769687
arima,-0.2827646655283793
rf,-0.23141398004934288
Top3Ensamble,-0.25708932278885754
arima,-0.033260134009886144
rf,-0.0009797531168374007
Top3Ensamble,-0.01711994356335822
rf,-6.099346115362124
xgb,-6.531379163265228
Top3Ensamble,-6.315362639313662
rf,-4.334685319511664
xgb,-2.935319662094116
arima,-1.3435215225972001
Top3Ensamble,-2.8711755014010123
rf,-0.39001364522674464
lgbm,-0.5625561622250359
arima,-0.2768000749082802
Top3Ensamble,-0.4097899607866822
xgb,2.206023395061493
rf,2.1669617232265637
lgbm,2.8332694268905243
Top3Ensamble,2.4020848483928603
rf,-2.3231144535834574
xgb,-3.674459457397461
arima,0.09658760526940569
Top3Ensamble,-1.9669954352372088
rf,-0.9820212864231195
xgb,-0.978110011666999
lgbm,-0.9645108968133087
Top3Ensamble,-0.974880731634471
rf,-1.806166553002214
xgb,-1.9903328716754842
Top3Ensamble,-1.8982497123388455
lgbm,1.7258586349125125
xgb,1.6928616166114807
arima,1.8204023707573072
Top3Ensamble,1.7463742074271096
arima,-0.10276245300395814
rf,-0.3223878225747576
Top3Ensamble,-0.21257513778935788
arima,-0.9332578451915197
rf,-0.9340372106478654
Top3Ensamble,-0.9336475279196961
rf,-1.0091387468652613
xgb,-1.3227227330207825
Top3Ensamble,-1.1659307399430077
rf,-10.39428173125026
xgb,-9.383798122406006
arima,-9.923538612440893
Top3Ensamble,-9.900539488698996
rf,0.0761458227566294
lgbm,-0.08139355354880706
arima,0.15320785966197548
Top3Ensamble,0.049320042956594534
xgb,-12.41239333152771
rf,-11.860846223571343
lgbm,-12.033250595707841
Top3Ensamble,-12.10216338360226
rf,-11.0239871779728
xgb,-12.83131718635559
arima,-8.813446574418094
Top3Ensamble,-10.889583646248752
rf,-0.013188204672943016
xgb,-0.06744049489498138
lgbm,0.09417870626417368
Top3Ensamble,0.004516668898759235
rf,0.19811322239311124
xgb,0.6068717688322067
Top3Ensamble,0.40249249561266254
lgbm,-0.00017355031737054105
xgb,-0.6490662582218647
arima,-0.6395967137153491
Top3Ensamble,-0.42961217408485197
arima,0.20723701293842467
rf,0.6163549525166445
Top3Ensamble,0.41179598272753637
arima,0.18674108669323886
rf,0.06370031076047411
Top3Ensamble,0.12522069872685648
rf,-0.9396161359616428
xgb,-1.2348291873931885
Top3Ensamble,-1.0872226616774014
rf,-4.313769260742333
xgb,-2.6861016750335693
arima,-2.0935215225971433
Top3Ensamble,-3.0311308194575872
rf,-0.10686833624735925
lgbm,-0.2217637067345919
arima,-0.016797938677839852
Top3Ensamble,-0.11514332721991138
xgb,3.7088489532470703
rf,2.9689526711866847
lgbm,4.081827226905489
Top3Ensamble,3.5865429504464146
rf,0.21714128260816778
xgb,-1.8346353769302368
arima,0.9966120193319057
Top3Ensamble,-0.206960691663312
rf,-1.412613383726253
xgb,-1.2206631302833557
lgbm,-0.7795742857108223
Top3Ensamble,-1.1376169332401531
rf,-0.8041637719760075
xgb,-0.6818469800054956
Top3Ensamble,-0.7430053759907551
lgbm,0.6894350127400486
xgb,1.1776774562895298
arima,1.1804029811088697
Top3Ensamble,1.0158384833794827
arima,0.15723777587787424
rf,0.013327261453195405
Top3Ensamble,0.0852825186655366
arima,0.43674108669323886
rf,0.43374956247412655
Top3Ensamble,0.4352453245836827
rf,-0.773193338508662
xgb,-1.1091848015785217
Top3Ensamble,-0.9411890700436061
rf,-1.9837187630924973
xgb,-1.3327406644821735
arima,0.586471153183993
Top3Ensamble,-0.9099960914635403
rf,-0.5467233087083798
lgbm,-0.7241699690931256
arima,-0.46679488692002735
Top3Ensamble,-0.5792293882405062
xgb,12.447235226631165
rf,12.099049719859636
lgbm,14.446788262568475
Top3Ensamble,12.997691069686425
rf,7.645374309083309
xgb,6.296367526054382
arima,8.926604695113156
Top3Ensamble,7.62278217675032
rf,0.50708764228321
xgb,0.6038746684789658
lgbm,0.44846669953656715
Top3Ensamble,0.5198096700995762
rf,-0.35954180722591644
xgb,-0.21276316046714783
Top3Ensamble,-0.2861524838465357
