model,residual
_NaiveModel,-1.6199951171875
_NaiveModel,36.53002929687494
_NaiveModel,4.77001953125
_NaiveModel,33.6700439453125
_NaiveModel,-0.1199951171875
_NaiveModel,-1.6300048828125
_NaiveModel,5.4599609375
_NaiveModel,5.859985351562614
_NaiveModel,-1.9899902343749432
_NaiveModel,15.220001220703068
_NaiveModel,-2.660003662109375
_NaiveModel,-1.720001220703125
_NaiveModel,-54.179931640625
_NaiveModel,11.73004150390625
_NaiveModel,0.6199951171875
_NaiveModel,-5.660003662109375
_NaiveModel,-0.83001708984375
_NaiveModel,-0.3300018310546875
_NaiveModel,5.350006103515625
_NaiveModel,1.2899932861328125
_NaiveModel,-7.279998779296875
_NaiveModel,1.350006103515625
_NaiveModel,1.209991455078125
_NaiveModel,4.230010986328125
_NaiveModel,5.800018310546875
_NaiveModel,3.170013427734375
_NaiveModel,-5.200012207031193
_NaiveModel,1.04998779296875
_NaiveModel,-0.7899932861328267
_NaiveModel,2.3300018310546875
_NaiveModel,24.519989013671875
_NaiveModel,9.240020751953125
_NaiveModel,-36.079986572265625
_NaiveModel,22.43994140625
_NaiveModel,-1.44000244140625
_NaiveModel,-1.8600158691405682
_NaiveModel,-5.66998291015625
_NaiveModel,2.2799682617186363
_NaiveModel,-3.3099975585937216
_NaiveModel,-22.470001220703125
_NaiveModel,-0.529998779296875
_NaiveModel,-0.94000244140625
_NaiveModel,6.1300048828125
_NaiveModel,-8.6300048828125
_NaiveModel,4.25
_NaiveModel,-2.20001220703125
_NaiveModel,-17.67999267578125
_NaiveModel,-0.410003662109375
_NaiveModel,-13.6199951171875
_NaiveModel,1.0100021362304688
_NaiveModel,-5.7100067138671875
_NaiveModel,-2.309997558593736
_NaiveModel,-0.529998779296875
_NaiveModel,-0.7999954223632812
_NaiveModel,-2.3599853515625
_NaiveModel,-0.94000244140625
_NaiveModel,7.07000732421875
_NaiveModel,0.139984130859375
_NaiveModel,-0.09999847412110796
_NaiveModel,1.529998779296875
_NaiveModel,4.760009765625
_NaiveModel,-55.83001708984375
_NaiveModel,-8.850006103515597
_NaiveModel,-100.75
_NaiveModel,-17.519989013671818
_NaiveModel,-0.5199890136719318
_NaiveModel,-26.42999267578125
_NaiveModel,19.86004638671875
_NaiveModel,7.6699981689453125
_NaiveModel,3.04998779296875
_NaiveModel,9.709991455078125
_NaiveModel,-6.1400146484375
_NaiveModel,55.050048828125
_NaiveModel,-4.90997314453125
_NaiveModel,-14.02996826171875
_NaiveModel,3.079986572265625
_NaiveModel,46.5799560546875
_NaiveModel,0.57000732421875
_NaiveModel,-60.55999755859375
_NaiveModel,0.529998779296875
_NaiveModel,-5.029998779296818
_NaiveModel,-9.819999694824247
_NaiveModel,2.1399993896484375
_NaiveModel,0.739997863769517
_NaiveModel,-10.529998779296875
_NaiveModel,-28.639984130859375
_NaiveModel,-0.8999938964843182
_NaiveModel,2.46002197265625
_NaiveModel,3.1200027465820312
_NaiveModel,-0.220001220703125
_NaiveModel,1.889984130859375
_NaiveModel,25.05999755859375
_NaiveModel,4.2100067138671875
_NaiveModel,32.260009765625
_NaiveModel,10.589996337890568
_NaiveModel,3.209991455078125
_NaiveModel,58.13995361328125
_NaiveModel,-7.45001220703125
_NaiveModel,-6.8800048828125
_NaiveModel,-3.0
_NaiveModel,1.20001220703125
_NaiveModel,12.600006103515568
_NaiveModel,10.6400146484375
_NaiveModel,12.1099853515625
_NaiveModel,-0.57000732421875
_NaiveModel,1.5
_NaiveModel,7.79998779296875
_NaiveModel,1.4600067138671875
_NaiveModel,2.80999755859375
_NaiveModel,0.8199996948242188
_NaiveModel,7.0
_NaiveModel,2.220001220703139
_NaiveModel,2.779998779296875
_NaiveModel,0.529998779296875
_NaiveModel,9.1199951171875
_NaiveModel,17.639984130859375
_NaiveModel,8.220001220703068
_NaiveModel,-2.1400146484375
_NaiveModel,-1.1200027465820312
_NaiveModel,-3.7100067138671875
_NaiveModel,-3.16998291015625
_NaiveModel,40.33001708984381
_NaiveModel,0.5299987792968466
_NaiveModel,72.31005859375
_NaiveModel,2.30999755859375
_NaiveModel,-15.190002441406193
_NaiveModel,32.4300537109375
_NaiveModel,-15.0
_NaiveModel,-7.899993896484375
_NaiveModel,-7.149993896484432
_NaiveModel,-0.779998779296875
_NaiveModel,-1.1099853515624432
_NaiveModel,-23.1300048828125
_NaiveModel,-1.30999755859375
_NaiveModel,-11.03997802734375
_NaiveModel,-2.3499755859375
_NaiveModel,0.46002197265625
_NaiveModel,-1.0600128173828125
_NaiveModel,-4.25
_NaiveModel,-0.4499969482421875
_NaiveModel,-0.5
_NaiveModel,-0.05999755859375
_NaiveModel,-0.25
_NaiveModel,8.0
_NaiveModel,1.779998779296875
_NaiveModel,6.779998779296875
_NaiveModel,-11.149993896484375
_NaiveModel,-4.05999755859375
_NaiveModel,-1.3600006103515767
_NaiveModel,1.730010986328125
_NaiveModel,-3.8900146484375
_NaiveModel,26.999999999999943
_NaiveModel,0.7200012207031534
_NaiveModel,101.8299560546875
_NaiveModel,-1.29998779296875
_NaiveModel,-2.25
_NaiveModel,15.449951171875
_NaiveModel,-16.54998779296875
_NaiveModel,-9.94000244140625
_NaiveModel,-6.820007324218693
_NaiveModel,-2.550018310546875
_NaiveModel,-2.990020751953125
_NaiveModel,-1.5
_NaiveModel,2.5999755859375
_NaiveModel,-12.050048828125
_NaiveModel,-5.910003662109375
_NaiveModel,1.32000732421875
_NaiveModel,0.3100128173828125
_NaiveModel,-7.399993896484318
_NaiveModel,0.9499969482421875
_NaiveModel,10.330001831054659
_NaiveModel,-4.910003662109389
_NaiveModel,-1.220001220703125
_NaiveModel,-8.610000610351548
_NaiveModel,3.80999755859375
_NaiveModel,4.32000732421875
_NaiveModel,3.0999755859375
_NaiveModel,-6.790008544921875
_NaiveModel,-2.269996643066392
_NaiveModel,2.1699981689453125
_NaiveModel,-11.3599853515625
_NaiveModel,17.739990234375
_NaiveModel,1.5500030517576988
_NaiveModel,45.9100341796875
_NaiveModel,10.54998779296875
_NaiveModel,-4.079986572265682
_NaiveModel,5.80999755859375
_NaiveModel,-8.97003173828125
_NaiveModel,-6.730010986328125
_NaiveModel,-2.04998779296875
_NaiveModel,-4.1300048828125
_NaiveModel,-3.30999755859375
_NaiveModel,-10.1600341796875
_NaiveModel,-14.00994873046875
_NaiveModel,-9.3699951171875
_NaiveModel,-1.96002197265625
_NaiveModel,10.90997314453125
_NaiveModel,-0.5900115966796875
_NaiveModel,-0.12002563476568184
_NaiveModel,0.01000213623046875
_NaiveModel,1.919998168945341
_NaiveModel,5.050003051757827
_NaiveModel,-0.44000244140625
_NaiveModel,0.45000457763671875
_NaiveModel,6.660003662109375
_NaiveModel,12.16998291015625
_NaiveModel,2.82000732421875
_NaiveModel,-4.139984130859375
_NaiveModel,-1.0699996948242188
_NaiveModel,-0.0500030517578125
_NaiveModel,4.230010986328125
_NaiveModel,12.6400146484375
_NaiveModel,11.190002441406278
_NaiveModel,-1.1400146484375
_NaiveModel,4.339996337890625
_NaiveModel,-1.459991455078125
_NaiveModel,-5.22998046875
_NaiveModel,1.25
_NaiveModel,6.07000732421875
_NaiveModel,24.399993896484375
_NaiveModel,-3.639984130859375
_NaiveModel,-1.69000244140625
_NaiveModel,-22.8599853515625
_NaiveModel,-54.23004150390625
_NaiveModel,1.69000244140625
_NaiveModel,0.77001953125
_NaiveModel,21.07000732421875
_NaiveModel,-3.0099945068359375
_NaiveModel,8.760009765625
_NaiveModel,-0.37999725341796875
_NaiveModel,3.300003051757699
_NaiveModel,5.799995422363281
_NaiveModel,2.160003662109375
_NaiveModel,1.1999969482421733
_NaiveModel,54.32000732421875
_NaiveModel,5.6300048828125
_NaiveModel,7.75
_NaiveModel,1.82000732421875
_NaiveModel,0.930000305175767
_NaiveModel,-2.44000244140625
_NaiveModel,1.8499755859375
_NaiveModel,-7.9000244140625
_NaiveModel,2.699996948242216
_NaiveModel,-0.3499755859375
_NaiveModel,-10.30999755859375
_NaiveModel,0.259979248046875
_NaiveModel,0.65997314453125
_NaiveModel,1.90997314453125
_NaiveModel,7.05999755859375
_NaiveModel,5.05999755859375
_NaiveModel,-5.020004272460909
_NaiveModel,-2.97998046875
_NaiveModel,12.4000244140625
_NaiveModel,-7.269989013671875
_NaiveModel,6.32000732421875
_NaiveModel,0.339996337890625
_NaiveModel,16.6400146484375
_NaiveModel,-1.209999084472642
_NaiveModel,7.410003662109375
_NaiveModel,-1.4800033569335938
_NaiveModel,-4.770004272460881
_NaiveModel,1.2100067138671733
_NaiveModel,-1.029998779296875
_NaiveModel,8.090003967285156
_NaiveModel,4.919982910156307
_NaiveModel,3.399993896484375
_NaiveModel,5.040008544921875
_NaiveModel,2.399993896484375
_NaiveModel,1.0599975585937642
_NaiveModel,-2.739990234375
_NaiveModel,-1.149993896484375
_NaiveModel,-40.85998535156244
_NaiveModel,2.4400024414062784
_NaiveModel,-62.489990234375
_NaiveModel,-8.339996337890625
_NaiveModel,1.600006103515625
_NaiveModel,-25.66998291015625
_NaiveModel,6.58001708984375
_NaiveModel,3.7299957275390625
_NaiveModel,4.839996337890625
_NaiveModel,-1.789993286132841
_NaiveModel,-6.360015869140625
_NaiveModel,-28.510009765625
_NaiveModel,2.45001220703125
_NaiveModel,9.1400146484375
_NaiveModel,3.730010986328125
_NaiveModel,2.03997802734375
_NaiveModel,-1.8600006103515767
_NaiveModel,4.540008544921875
_NaiveModel,0.06999969482421875
_NaiveModel,-4.0099945068359375
_NaiveModel,-5.670005798339844
_NaiveModel,1.029998779296875
_NaiveModel,2.19000244140625
_NaiveModel,-9.3599853515625
_NaiveModel,-22.309997558593693
_NaiveModel,-14.800018310546818
_NaiveModel,4.750000000000057
_NaiveModel,1.8099975585937642
_NaiveModel,-3.350006103515625
_NaiveModel,7.149993896484375
_NaiveModel,-7.809997558593807
_NaiveModel,-2.760009765625057
_NaiveModel,8.5599365234375
_NaiveModel,-7.33001708984375
_NaiveModel,-0.339996337890625
_NaiveModel,15.98004150390625
_NaiveModel,5.070007324218864
_NaiveModel,-3.019989013671875
_NaiveModel,-5.220001220703125
_NaiveModel,4.2199859619140625
_NaiveModel,2.230010986328125
_NaiveModel,32.2099609375
_NaiveModel,-0.77001953125
_NaiveModel,-3.84002685546875
_NaiveModel,0.069976806640625
_NaiveModel,0.1600341796875
_NaiveModel,3.0999984741210938
_NaiveModel,-8.470001220703068
_NaiveModel,0.8000030517578125
_NaiveModel,-0.47000122070318184
_NaiveModel,5.0300064086914205
_NaiveModel,0.8499908447265625
_NaiveModel,-2.470001220703125
_NaiveModel,11.269989013671818
_NaiveModel,-3.929992675781307
_NaiveModel,4.540008544921818
_NaiveModel,-2.0100097656251137
_NaiveModel,2.0400009155273153
_NaiveModel,-1.0
_NaiveModel,-0.47998046875
_NaiveModel,5.179992675781307
_NaiveModel,2.6600036621094034
_NaiveModel,37.2900390625
_NaiveModel,3.620025634765682
_NaiveModel,2.209991455078125
_NaiveModel,-3.11004638671875
_NaiveModel,4.700012207031136
_NaiveModel,1.9099884033203125
_NaiveModel,7.69000244140625
_NaiveModel,-3.0699920654296875
_NaiveModel,2.04998779296875
_NaiveModel,-9.93994140625
_NaiveModel,4.750030517578125
_NaiveModel,7.94000244140625
_NaiveModel,5.75
_NaiveModel,18.52996826171875
_NaiveModel,0.12999725341795454
_NaiveModel,7.279998779296818
_NaiveModel,0.5499954223632812
_NaiveModel,4.58999633789071
_NaiveModel,-2.2000045776367188
_NaiveModel,1.5200042724609375
_NaiveModel,2.05999755859375
_NaiveModel,10.220001220703125
_NaiveModel,11.3699951171875
_NaiveModel,-2.709991455078125
_NaiveModel,6.580017089843807
_NaiveModel,0.7099990844726847
_NaiveModel,-1.410003662109375
_NaiveModel,-5.760009765625
_NaiveModel,28.200012207031193
_NaiveModel,5.07000732421875
_NaiveModel,30.4000244140625
_NaiveModel,19.829986572265568
_NaiveModel,-4.769989013671875
_NaiveModel,37.1300048828125
_NaiveModel,-29.030029296875
_NaiveModel,-5.67999267578125
_NaiveModel,16.46002197265625
_NaiveModel,-2.949996948242216
_NaiveModel,3.760009765625
_NaiveModel,-12.5400390625
_NaiveModel,0.94000244140625
_NaiveModel,-16.3299560546875
_NaiveModel,-8.509979248046875
_NaiveModel,16.77001953125
_NaiveModel,-4.019996643066392
_NaiveModel,-5.470001220703125
_NaiveModel,-0.25
_NaiveModel,5.100006103515597
_NaiveModel,8.280006408691406
_NaiveModel,-3.4499969482421875
_NaiveModel,-0.6800079345703125
_NaiveModel,3.399993896484375
_NaiveModel,9.740020751953125
_NaiveModel,-4.860015869140625
_NaiveModel,-10.0
_NaiveModel,-2.4199981689453267
_NaiveModel,-1.44000244140625
_NaiveModel,-1.9899902343749432
_NaiveModel,23.5
_NaiveModel,-1.9700012207030397
_NaiveModel,71.2799072265625
_NaiveModel,15.920013427734318
_NaiveModel,-3.1400146484375
_NaiveModel,20.94000244140625
_NaiveModel,-10.17999267578125
_NaiveModel,-7.899993896484375
_NaiveModel,4.66998291015625
_NaiveModel,-0.78997802734375
_NaiveModel,1.94000244140625
_NaiveModel,6.7099609375
_NaiveModel,2.53997802734375
_NaiveModel,-10.96002197265625
_NaiveModel,1.990020751953125
_NaiveModel,12.48004150390625
_NaiveModel,-0.48999786376953125
_NaiveModel,-5.889984130859375
_NaiveModel,-0.4199981689453125
_NaiveModel,7.4300079345703125
_NaiveModel,9.100006103515625
_NaiveModel,-1.3300018310546875
_NaiveModel,-3.2499923706054688
_NaiveModel,13.0
_NaiveModel,12.529998779296875
_NaiveModel,-4.470001220703125
_NaiveModel,-8.779998779296875
_NaiveModel,-0.8799972534179688
_NaiveModel,-5.6299896240234375
_NaiveModel,0.899993896484375
_NaiveModel,-11.1700439453125
_NaiveModel,1.699996948242159
_NaiveModel,6.9300537109375
_NaiveModel,1.139984130859375
_NaiveModel,1.7400207519531818
_NaiveModel,-14.019958496093636
_NaiveModel,-3.280029296875
_NaiveModel,-0.82000732421875
_NaiveModel,1.71002197265625
_NaiveModel,2.1199951171875
_NaiveModel,-1.0
_NaiveModel,28.3699951171875
_NaiveModel,-4.9599609375
_NaiveModel,-3.53997802734375
_NaiveModel,1.889984130859375
_NaiveModel,-37.73004150390625
_NaiveModel,1.529998779296875
_NaiveModel,-0.740020751953125
_NaiveModel,-0.8600006103515625
_NaiveModel,-8.180007934570312
_NaiveModel,3.5800018310546875
_NaiveModel,-0.1899871826171875
_NaiveModel,2.2499923706054688
_NaiveModel,-1.2100219726561932
_NaiveModel,2.850006103515625
_NaiveModel,7.059997558593807
_NaiveModel,-0.769989013671875
_NaiveModel,-1.69000244140625
_NaiveModel,-1.4199981689453125
_NaiveModel,2.0
_NaiveModel,35.94000244140625
_NaiveModel,-1.8199920654297443
_NaiveModel,77.7899169921875
_NaiveModel,3.1199951171875
_NaiveModel,2.579986572265625
_NaiveModel,29.799987792968636
_NaiveModel,2.75
_NaiveModel,-3.8700103759765625
_NaiveModel,-0.57000732421875
_NaiveModel,-7.910003662109375
_NaiveModel,-1.5
_NaiveModel,-35.5
_NaiveModel,2.6199951171875
_NaiveModel,1.47998046875
_NaiveModel,-2.709991455078125
_NaiveModel,-15.2900390625
_NaiveModel,-2.0800018310546875
_NaiveModel,-2.100006103515625
_NaiveModel,-1.029998779296875
_NaiveModel,-1.3799896240234375
_NaiveModel,2.1599884033203125
_NaiveModel,-3.44000244140625
_NaiveModel,-1.8300018310546875
_NaiveModel,16.8699951171875
_NaiveModel,19.220001220703068
_NaiveModel,-10.200012207031307
_NaiveModel,5.04998779296875
_NaiveModel,-0.8899993896484375
_NaiveModel,-5.25
_NaiveModel,-14.25
_NaiveModel,23.05999755859375
_NaiveModel,-0.970001220703125
_NaiveModel,73.7200927734375
_NaiveModel,8.889984130859318
_NaiveModel,-8.040008544921875
_NaiveModel,27.87994384765625
_NaiveModel,-27.0
_NaiveModel,-2.8800048828125
_NaiveModel,1.29998779296875
_NaiveModel,-9.060012817382841
_NaiveModel,-0.399993896484375
_NaiveModel,-22.1700439453125
_NaiveModel,-24.0899658203125
_NaiveModel,-16.95001220703125
_NaiveModel,-11.20001220703125
_NaiveModel,30.00994873046875
_NaiveModel,-4.1899948120117045
_NaiveModel,-6.209991455078125
_NaiveModel,-1.9699935913085938
_NaiveModel,2.75
_NaiveModel,2.2299957275390625
_NaiveModel,-3.980010986328125
_NaiveModel,-3.5699996948242188
_NaiveModel,31.8499755859375
_NaiveModel,10.07000732421875
_NaiveModel,1.180023193359375
_NaiveModel,-11.050018310546875
_NaiveModel,-3.0199966430664062
_NaiveModel,-0.80999755859375
_NaiveModel,-5.02001953125
_NaiveModel,40.02996826171875
_NaiveModel,-3.360000610351534
_NaiveModel,146.39990234375
_NaiveModel,8.410003662109375
_NaiveModel,0.6500244140625
_NaiveModel,73.49005126953125
_NaiveModel,10.79998779296875
_NaiveModel,-6.5699920654296875
_NaiveModel,-3.839996337890625
_NaiveModel,-0.009994506835909078
_NaiveModel,-6.740020751953125
_NaiveModel,7.6900634765625
_NaiveModel,-12.360015869140625
_NaiveModel,-8.84002685546875
_NaiveModel,0.8800048828124432
_NaiveModel,-49.6199951171875
_NaiveModel,3.1299972534179545
_NaiveModel,-11.260009765625
_NaiveModel,1.399993896484375
_NaiveModel,2.509994506835966
_NaiveModel,4.0500030517578125
_NaiveModel,-0.7899932861328125
_NaiveModel,-9.060005187988267
_NaiveModel,-4.699981689453182
_NaiveModel,33.33999633789068
_NaiveModel,-10.910003662109375
_NaiveModel,-7.989990234375
_NaiveModel,4.440002441406264
_NaiveModel,0.44000244140625
_NaiveModel,-7.6199951171875
_NaiveModel,-41.41998291015625
_NaiveModel,1.800003051757784
_NaiveModel,-106.3299560546875
_NaiveModel,-5.299987792968693
_NaiveModel,-4.3900146484375
_NaiveModel,-31.7100830078125
_NaiveModel,11.21002197265625
_NaiveModel,1.269989013671875
_NaiveModel,-3.720001220703125
_NaiveModel,4.540008544921875
_NaiveModel,2.060028076171875
_NaiveModel,30.5
_NaiveModel,-7.389984130859318
_NaiveModel,-3.9599609375
_NaiveModel,-3.130004882812443
_NaiveModel,-0.69000244140625
_NaiveModel,0.8800048828125
_NaiveModel,-4.449981689453068
_NaiveModel,0.8900070190429688
_NaiveModel,-5.119995117187528
_NaiveModel,1.209991455078125
_NaiveModel,1.80999755859375
_NaiveModel,-0.970001220703125
_NaiveModel,-8.760009765625
_NaiveModel,-22.470001220703182
_NaiveModel,4.190002441406307
_NaiveModel,-1.44000244140625
_NaiveModel,1.3399963378906108
_NaiveModel,-0.660003662109375
_NaiveModel,2.040008544921875
_NaiveModel,-17.90997314453125
_NaiveModel,-7.4499969482421875
_NaiveModel,-88.489990234375
_NaiveModel,-7.430023193359432
_NaiveModel,2.660003662109375
_NaiveModel,-35.719970703125
_NaiveModel,5.8599853515625
_NaiveModel,0.44000244140625
_NaiveModel,-16.259979248046875
_NaiveModel,-3.8500061035157103
_NaiveModel,-0.34002685546875
_NaiveModel,-21.81005859375
_NaiveModel,5.329986572265568
_NaiveModel,-10.620025634765625
_NaiveModel,2.58001708984375
_NaiveModel,-12.3499755859375
_NaiveModel,-0.720001220703125
_NaiveModel,4.399993896484318
_NaiveModel,-0.100006103515625
_NaiveModel,-2.44000244140625
_NaiveModel,0.7700042724609375
_NaiveModel,0.57000732421875
_NaiveModel,-2.7699966430664205
_NaiveModel,-32.1300048828125
_NaiveModel,-22.75
_NaiveModel,8.070007324218693
_NaiveModel,-5.41998291015625
_NaiveModel,1.090003967285142
_NaiveModel,0.4799957275390625
_NaiveModel,17.92999267578125
_NaiveModel,-12.83001708984375
_NaiveModel,7.260009765624915
_NaiveModel,-78.41003417968727
_NaiveModel,3.160003662109432
_NaiveModel,7.0
_NaiveModel,-62.55999755859375
_NaiveModel,18.85003662109375
_NaiveModel,2.5699920654296875
_NaiveModel,1.58001708984375
_NaiveModel,-3.8800048828125
_NaiveModel,-1.66998291015625
_NaiveModel,-10.429931640625
_NaiveModel,-13.379974365234375
_NaiveModel,5.489990234375
_NaiveModel,9.339996337890625
_NaiveModel,14.79998779296875
_NaiveModel,-4.849998474121108
_NaiveModel,12.6300048828125
_NaiveModel,-0.07999420166015625
_NaiveModel,3.259994506835909
_NaiveModel,5.0699920654296875
_NaiveModel,3.5399932861328125
_NaiveModel,6.230003356933594
_NaiveModel,0.410003662109375
_NaiveModel,5.839996337890625
_NaiveModel,-9.730010986328068
_NaiveModel,1.71002197265625
_NaiveModel,3.220001220703125
_NaiveModel,-0.6500091552734375
_NaiveModel,1.220001220703125
_NaiveModel,0.1099853515625
_NaiveModel,-0.16000366210931816
_NaiveModel,15.68994140625
_NaiveModel,-1.9200134277344318
_NaiveModel,-2.0
_NaiveModel,-10.21002197265625
_NaiveModel,-3.4100341796875
_NaiveModel,0.660003662109375
_NaiveModel,0.839996337890625
_NaiveModel,-1.9199981689453125
_NaiveModel,0.69000244140625
_NaiveModel,-10.1800537109375
_NaiveModel,12.029998779296875
_NaiveModel,-6.339996337890568
_NaiveModel,-2.220001220703125
_NaiveModel,4.530029296875
_NaiveModel,-1.0
_NaiveModel,8.480010986328182
_NaiveModel,-1.19000244140625
_NaiveModel,1.0399932861328125
_NaiveModel,7.6300048828125
_NaiveModel,-1.17999267578125
_NaiveModel,3.1999969482422017
_NaiveModel,6.079986572265625
_NaiveModel,-4.439971923828125
_NaiveModel,3.450012207031193
_NaiveModel,-3.75
_NaiveModel,0.4199981689453267
_NaiveModel,2.8300018310546875
_NaiveModel,2.71002197265625
_NaiveModel,31.780029296875
_NaiveModel,-1.3200073242187784
_NaiveModel,150.7900390625
_NaiveModel,11.980010986328125
_NaiveModel,-4.119995117187443
_NaiveModel,38.0400390625
_NaiveModel,-6.330017089843636
_NaiveModel,-3.3000030517578125
_NaiveModel,3.54998779296875
_NaiveModel,-7.790008544921875
_NaiveModel,-2.660003662109375
_NaiveModel,-5.0
_NaiveModel,-10.07000732421875
_NaiveModel,-3.980010986328182
_NaiveModel,-1.55999755859375
_NaiveModel,1.64996337890625
_NaiveModel,-4.1199951171875
_NaiveModel,-6.600006103515682
_NaiveModel,-0.34999847412109375
_NaiveModel,8.610000610351591
_NaiveModel,9.910003662109375
_NaiveModel,-3.1800079345703125
_NaiveModel,2.8000030517577983
_NaiveModel,23.440002441406307
_NaiveModel,31.279998779296875
_NaiveModel,-2.570007324218693
_NaiveModel,-1.8800048828125
_NaiveModel,-2.2399978637695455
_NaiveModel,-1.2599945068359375
_NaiveModel,-2.05999755859375
_NaiveModel,-24.8900146484375
_NaiveModel,-6.8899993896484375
_NaiveModel,-61.85009765624977
_NaiveModel,-18.45001220703125
_NaiveModel,1.82000732421875
_NaiveModel,-29.9000244140625
_NaiveModel,14.1400146484375
_NaiveModel,3.2400054931640625
_NaiveModel,-4.239990234375
_NaiveModel,5.80999755859375
_NaiveModel,8.239990234375
_NaiveModel,13.4300537109375
_NaiveModel,21.369995117187443
_NaiveModel,3.199981689453125
_NaiveModel,5.21002197265625
_NaiveModel,-9.63995361328125
_NaiveModel,1.5699996948241903
_NaiveModel,-0.489990234375
_NaiveModel,-1.0199966430664062
_NaiveModel,-6.040008544921847
_NaiveModel,-0.7599945068359375
_NaiveModel,0.17999267578125
_NaiveModel,2.160003662109375
_NaiveModel,-4.1099853515625
_NaiveModel,-29.970001220703125
_NaiveModel,-1.42999267578125
_NaiveModel,3.1400146484375
_NaiveModel,0.9499969482421733
_NaiveModel,2.9300079345703125
_NaiveModel,4.5
_NaiveModel,-23.1199951171875
_NaiveModel,2.959991455078182
_NaiveModel,35.929931640625
_NaiveModel,3.5
_NaiveModel,-3.459991455078125
_NaiveModel,-12.94000244140625
_NaiveModel,-6.659973144531364
_NaiveModel,0.55999755859375
_NaiveModel,-1.910003662109375
_NaiveModel,-2.5399932861328125
_NaiveModel,-7.230010986328125
_NaiveModel,27.949951171875
_NaiveModel,8.3499755859375
_NaiveModel,-3.470001220703125
_NaiveModel,-0.04000854492181816
_NaiveModel,1.45001220703125
_NaiveModel,1.7099990844726847
_NaiveModel,-0.399993896484375
_NaiveModel,-1.1500015258789062
_NaiveModel,-0.32000732421875
_NaiveModel,-0.02999877929690342
_NaiveModel,-1.2700042724609375
_NaiveModel,3.0900039672851705
_NaiveModel,-7.279998779296932
_NaiveModel,-2.8599853515625
_NaiveModel,-2.970001220703068
_NaiveModel,-3.34002685546875
_NaiveModel,-0.5400009155273438
_NaiveModel,-0.4099884033203125
_NaiveModel,5.79998779296875
_NaiveModel,-23.949981689453125
_NaiveModel,0.80999755859375
_NaiveModel,-107.300048828125
_NaiveModel,-10.8699951171875
_NaiveModel,1.1300048828125
_NaiveModel,-11.359985351562614
_NaiveModel,-2.8800048828123863
_NaiveModel,3.1100006103514772
_NaiveModel,5.220001220703125
_NaiveModel,0.6100006103515909
_NaiveModel,1.260009765625
_NaiveModel,-17.72998046875
_NaiveModel,3.69000244140625
_NaiveModel,5.40997314453125
_NaiveModel,2.05999755859375
_NaiveModel,7.6099853515625
_NaiveModel,1.2700042724609375
_NaiveModel,4.930023193359375
_NaiveModel,1.8299942016601562
_NaiveModel,-3.539993286132841
_NaiveModel,1.8599853515625
_NaiveModel,1.4399871826171875
_NaiveModel,-0.94000244140625
_NaiveModel,-17.950012207031307
_NaiveModel,-11.629974365234432
_NaiveModel,-7.100006103515682
_NaiveModel,3.899993896484375
_NaiveModel,-0.9500045776367188
_NaiveModel,-1.8300018310546875
_NaiveModel,4.94000244140625
_NaiveModel,-20.98004150390625
_NaiveModel,6.499984741210966
_NaiveModel,-20.989990234375
_NaiveModel,2.339996337890682
_NaiveModel,-3.8599853515625
_NaiveModel,-16.3699951171875
_NaiveModel,-7.55999755859375
_NaiveModel,10.229995727539062
_NaiveModel,2.860015869140625
_NaiveModel,-0.3500061035156534
_NaiveModel,0.1099853515625
_NaiveModel,-14.6300048828125
_NaiveModel,1.39996337890625
_NaiveModel,6.1300048828125
_NaiveModel,3.069976806640625
_NaiveModel,-25.3499755859375
_NaiveModel,0.9500045776367045
_NaiveModel,13.970001220703125
_NaiveModel,1.0999984741210938
_NaiveModel,8.07000732421875
_NaiveModel,14.25
_NaiveModel,0.6300048828125
_NaiveModel,9.970001220703125
_NaiveModel,0.03997802734369316
_NaiveModel,10.0
_NaiveModel,0.920013427734375
_NaiveModel,4.920013427734375
_NaiveModel,-3.8300018310546733
_NaiveModel,-2.970001220703125
_NaiveModel,-8.890014648437557
_NaiveModel,-11.40997314453125
_NaiveModel,4.740020751953125
_NaiveModel,-76.800048828125
_NaiveModel,-21.600006103515682
_NaiveModel,-1.220001220703125
_NaiveModel,-44.45001220703125
_NaiveModel,-8.160034179687614
_NaiveModel,8.760009765624943
_NaiveModel,14.519989013671875
_NaiveModel,0.6199951171875568
_NaiveModel,-4.3800048828125
_NaiveModel,18.0499267578125
_NaiveModel,3.07000732421875
_NaiveModel,17.570007324218693
_NaiveModel,-0.25
_NaiveModel,2.8399658203125
_NaiveModel,-0.48000335693357954
_NaiveModel,19.209991455078125
_NaiveModel,-2.0199966430664062
_NaiveModel,1.539993286132841
_NaiveModel,3.569992065429716
_NaiveModel,-0.540008544921875
_NaiveModel,8.479995727539062
_NaiveModel,-7.8599853515625
_NaiveModel,-11.059997558593807
_NaiveModel,1.939971923828125
_NaiveModel,5.449981689453125
_NaiveModel,1.5400009155273295
_NaiveModel,-0.17999267578125
_NaiveModel,5.75
_NaiveModel,5.969970703125
_NaiveModel,9.3800048828125
_NaiveModel,-15.8099365234375
_NaiveModel,-13.20001220703125
_NaiveModel,4.19000244140625
_NaiveModel,10.510009765625
_NaiveModel,10.210021972656364
_NaiveModel,-18.5
_NaiveModel,3.970001220703125
_NaiveModel,1.8200073242186932
_NaiveModel,2.730010986328068
_NaiveModel,22.800048828125
_NaiveModel,13.95001220703125
_NaiveModel,-1.269989013671875
_NaiveModel,3.09002685546875
_NaiveModel,32.0400390625
_NaiveModel,3.5500030517577983
_NaiveModel,-10.279998779296875
_NaiveModel,3.3499984741210938
_NaiveModel,-13.220001220703153
_NaiveModel,-22.36999511718753
_NaiveModel,3.279998779296875
_NaiveModel,-4.1100006103515625
_NaiveModel,19.910003662109375
_NaiveModel,-17.179992675781193
_NaiveModel,0.45001220703125
_NaiveModel,3.589996337890625
_NaiveModel,1.1500015258789062
_NaiveModel,-4.1200103759765625
_NaiveModel,0.45001220703130684
_NaiveModel,1.99005126953125
_NaiveModel,3.3599853515625
_NaiveModel,-6.989990234375
_NaiveModel,-20.19000244140625
_NaiveModel,2.94000244140625
_NaiveModel,11.79998779296875
_NaiveModel,38.8800048828125
_NaiveModel,-14.930007934570284
_NaiveModel,9.790008544921875
_NaiveModel,5.470001220703125
_NaiveModel,-2.579986572265568
_NaiveModel,21.800048828125
_NaiveModel,6.760009765625
_NaiveModel,-0.230010986328125
_NaiveModel,-1.230010986328125
_NaiveModel,2.77996826171875
_NaiveModel,1.1699981689453125
_NaiveModel,-23.25
_NaiveModel,0.23999786376953125
_NaiveModel,3.1100006103515625
_NaiveModel,-22.080001831054688
_NaiveModel,2.350006103515625
_NaiveModel,-13.199996948242188
_NaiveModel,6.30999755859375
_NaiveModel,6.409973144531193
_NaiveModel,2.220001220703125
_NaiveModel,-1.40997314453125
_NaiveModel,3.1500015258789062
_NaiveModel,1.70001220703125
_NaiveModel,-1.660003662109375
_NaiveModel,-22.550018310546875
_NaiveModel,-2.149993896484375
_NaiveModel,-7.9000244140625
_NaiveModel,-4.720001220703125
_NaiveModel,2.5
_NaiveModel,22.260009765625
_NaiveModel,8.489990234375
_NaiveModel,1.339996337890625
_NaiveModel,-1.300018310546875
_NaiveModel,0.489990234375
_NaiveModel,2.54998779296875
_NaiveModel,-43.8800048828125
_NaiveModel,-6.07000732421875
_NaiveModel,1.290008544921875
_NaiveModel,2.95001220703125
_NaiveModel,-0.02996826171875
_NaiveModel,0.34999847412107954
_NaiveModel,-14.319976806640625
_NaiveModel,0.40000152587890625
_NaiveModel,-1.6499938964844034
_NaiveModel,-12.739990234375
_NaiveModel,1.5800018310546875
_NaiveModel,-10.830001831054688
_NaiveModel,-1.740020751953125
_NaiveModel,-2.129974365234375
_NaiveModel,1.480010986328125
_NaiveModel,2.65997314453125
_NaiveModel,-0.3600006103515625
_NaiveModel,0.9399871826171875
_NaiveModel,-2.52001953125
_NaiveModel,8.350006103515625
_NaiveModel,-6.55999755859375
_NaiveModel,34.1600341796875
_NaiveModel,0.1500244140625
_NaiveModel,3.699981689453125
_NaiveModel,-1.3800048828125
_NaiveModel,-0.760009765625
_NaiveModel,1.57000732421875
_NaiveModel,0.050018310546875
_NaiveModel,-1.1100006103515625
_NaiveModel,7.459991455078125
_NaiveModel,-18.1800537109375
_NaiveModel,1.760009765625
_NaiveModel,-2.029998779296875
_NaiveModel,-1.660003662109375
_NaiveModel,-22.91998291015625
_NaiveModel,-0.519996643066392
_NaiveModel,3.3599853515625
_NaiveModel,0.0
_NaiveModel,2.2599945068359943
_NaiveModel,2.0999908447265057
_NaiveModel,-4.529998779296875
_NaiveModel,4.0900115966796875
_NaiveModel,-6.769989013671875
_NaiveModel,-10.410003662109318
_NaiveModel,-7.1500244140625
_NaiveModel,-1.129974365234375
_NaiveModel,0.029998779296875
_NaiveModel,1.910003662109375
_NaiveModel,-3.83001708984375
_NaiveModel,-17.920013427734375
_NaiveModel,2.139984130859375
_NaiveModel,-40.9000244140625
_NaiveModel,0.42999267578130684
_NaiveModel,-6.399993896484375
_NaiveModel,-13.94000244140625
_NaiveModel,22.2099609375
_NaiveModel,-3.760009765625
_NaiveModel,4.69000244140625
_NaiveModel,-2.6100006103516193
_NaiveModel,-3.3800048828125
_NaiveModel,-23.3499755859375
_NaiveModel,-10.45001220703125
_NaiveModel,1.079986572265625
_NaiveModel,1.910003662109375
_NaiveModel,-2.8800048828125
_NaiveModel,-6.5300064086914205
_NaiveModel,0.5199890136718182
_NaiveModel,1.1399993896484375
_NaiveModel,4.179992675781307
_NaiveModel,-2.3099975585937784
_NaiveModel,-1.040008544921875
_NaiveModel,0.5349884033203125
_NaiveModel,-8.160003662109375
_NaiveModel,2.6300048828125
_NaiveModel,-5.989990234375
_NaiveModel,2.239990234375
_NaiveModel,1.0699996948242188
_NaiveModel,0.3699951171875
_NaiveModel,-2.739990234375
_NaiveModel,-2.010009765625
_NaiveModel,-3.449981689453125
_NaiveModel,-41.8699951171875
_NaiveModel,3.190002441406193
_NaiveModel,0.91998291015625
_NaiveModel,6.6099853515625
_NaiveModel,23.56005859375
_NaiveModel,3.790008544921875
_NaiveModel,1.25
_NaiveModel,-2.409988403320284
_NaiveModel,-1.019989013671875
_NaiveModel,-22.780029296874886
_NaiveModel,-0.199951171875
_NaiveModel,-1.579986572265625
_NaiveModel,-3.910003662109375
_NaiveModel,-2.32000732421875
_NaiveModel,-2.8799972534179545
_NaiveModel,1.970001220703125
_NaiveModel,-1.4200057983398438
_NaiveModel,3.9600067138671307
_NaiveModel,-1.6100006103516193
_NaiveModel,-0.959991455078125
_NaiveModel,-0.2649993896484375
_NaiveModel,-0.589996337890625
_NaiveModel,-5.529998779296875
_NaiveModel,0.8199768066406818
_NaiveModel,-0.3699951171875
_NaiveModel,9.510009765625
_NaiveModel,0.9900054931640625
_NaiveModel,-3.279998779296875
_NaiveModel,-33.52999877929682
_NaiveModel,-5.670013427734375
_NaiveModel,-90.6900634765625
_NaiveModel,-6.690002441406193
_NaiveModel,-0.44000244140625
_NaiveModel,-12.40997314453125
_NaiveModel,20.3099365234375
_NaiveModel,-0.6800079345703125
_NaiveModel,-1.25
_NaiveModel,0.67999267578125
_NaiveModel,-6.279998779296875
_NaiveModel,2.5399780273436363
_NaiveModel,4.03997802734375
_NaiveModel,1.6600036621094318
_NaiveModel,0.529998779296875
_NaiveModel,-2.45001220703125
_NaiveModel,1.239997863769517
_NaiveModel,-3.639984130859375
_NaiveModel,1.7900009155273438
_NaiveModel,-2.860000610351534
_NaiveModel,-6.699996948242131
_NaiveModel,-1.1399993896484375
_NaiveModel,-1.8899993896484375
_NaiveModel,-13.1500244140625
_NaiveModel,-9.010009765625
_NaiveModel,5.940002441406193
_NaiveModel,-0.839996337890625
_NaiveModel,3.3499908447265625
_NaiveModel,6.2700042724609375
_NaiveModel,-1.1300048828125
_NaiveModel,6.940002441406193
_NaiveModel,5.519989013671875
_NaiveModel,12.9500732421875
_NaiveModel,9.639984130859318
_NaiveModel,7.920013427734375
_NaiveModel,3.79998779296875
_NaiveModel,-17.8499755859375
_NaiveModel,0.05999755859375
_NaiveModel,9.279998779296932
_NaiveModel,-1.0800018310546875
_NaiveModel,5.029998779296875
_NaiveModel,-33.3199462890625
_NaiveModel,1.67999267578125
_NaiveModel,6.089996337890568
_NaiveModel,1.670013427734375
_NaiveModel,8.60003662109375
_NaiveModel,-1.6800003051757528
_NaiveModel,6.1199951171875
_NaiveModel,-1.0199966430664062
_NaiveModel,1.710006713867159
_NaiveModel,5.149993896484403
_NaiveModel,1.089996337890625
_NaiveModel,-0.1199951171875
_NaiveModel,5.8800048828125
_NaiveModel,3.340026855468807
_NaiveModel,1.8900146484375
_NaiveModel,2.730010986328125
_NaiveModel,-0.8600006103515625
_NaiveModel,-2.05999755859375
_NaiveModel,2.3900146484375
_NaiveModel,3.110015869140625
_NaiveModel,-0.719970703125
_NaiveModel,29.4200439453125
_NaiveModel,4.480010986328182
_NaiveModel,-5.679992675781193
_NaiveModel,24.3599853515625
_NaiveModel,-27.52001953125
_NaiveModel,-5.970001220703125
_NaiveModel,-0.16000366210943184
_NaiveModel,-2.209991455078125
_NaiveModel,-2.920013427734432
_NaiveModel,16.8299560546875
_NaiveModel,-12.29998779296875
_NaiveModel,-11.589996337890568
_NaiveModel,-6.079986572265625
_NaiveModel,3.01995849609375
_NaiveModel,-1.1800003051758097
_NaiveModel,-1.6199951171875
_NaiveModel,4.319999694824219
_NaiveModel,3.0
_NaiveModel,6.339996337890597
_NaiveModel,-0.8199920654296875
_NaiveModel,-1.149993896484375
_NaiveModel,12.25
_NaiveModel,8.399993896484318
_NaiveModel,2.720001220703125
_NaiveModel,-6.8900146484375
_NaiveModel,-1.8899993896484375
_NaiveModel,-2.57000732421875
_NaiveModel,-2.02001953125
_NaiveModel,25.600006103515682
_NaiveModel,3.079986572265625
_NaiveModel,82.699951171875
_NaiveModel,14.600006103515568
_NaiveModel,1.3599853515624432
_NaiveModel,31.90997314453125
_NaiveModel,-7.699951171875
_NaiveModel,-5.92999267578125
_NaiveModel,4.290008544921932
_NaiveModel,4.089996337890625
_NaiveModel,2.100006103515682
_NaiveModel,1.780029296875
_NaiveModel,4.39996337890625
_NaiveModel,-4.260009765625
_NaiveModel,-1.420013427734375
_NaiveModel,4.20001220703125
_NaiveModel,2.0300064086914205
_NaiveModel,-12.490020751953068
_NaiveModel,2.3199996948242188
_NaiveModel,10.419998168945341
_NaiveModel,2.6600036621094034
_NaiveModel,1.1399993896484375
_NaiveModel,-0.260009765625
_NaiveModel,21.059997558593807
_NaiveModel,13.3699951171875
_NaiveModel,5.239990234375
_NaiveModel,-3.230010986328125
_NaiveModel,1.010009765625
_NaiveModel,-5.1399993896484375
_NaiveModel,0.660003662109375
_NaiveModel,-4.200012207031307
_NaiveModel,2.910003662109375
_NaiveModel,-2.9300537109375
_NaiveModel,-23.0
_NaiveModel,1.459991455078125
_NaiveModel,-17.91998291015625
_NaiveModel,-8.1700439453125
_NaiveModel,-1.7400054931640625
_NaiveModel,1.5499877929686932
_NaiveModel,-0.3800048828125
_NaiveModel,0.339996337890625
_NaiveModel,9.04998779296875
_NaiveModel,-0.469970703125
_NaiveModel,0.7000122070311932
_NaiveModel,0.730010986328125
_NaiveModel,-1.79998779296875
_NaiveModel,0.03999328613282671
_NaiveModel,-4.220001220703182
_NaiveModel,-0.8300018310546875
_NaiveModel,-9.910003662109403
_NaiveModel,-5.850006103515597
_NaiveModel,-0.470001220703125
_NaiveModel,-3.67999267578125
_NaiveModel,1.9700012207030682
_NaiveModel,-17.920013427734318
_NaiveModel,2.07000732421875
_NaiveModel,-2.209991455078182
_NaiveModel,-0.9900054931640625
_NaiveModel,-1.209991455078125
_NaiveModel,-4.07000732421875
_NaiveModel,2.790008544921875
_NaiveModel,-4.30999755859375
_NaiveModel,-60.6400146484375
_NaiveModel,2.509979248046932
_NaiveModel,-0.55999755859375
_NaiveModel,9.840026855468864
_NaiveModel,-11.199951171875114
_NaiveModel,5.470001220703125
_NaiveModel,-15.269989013671875
_NaiveModel,-6.160003662109318
_NaiveModel,4.6300048828125
_NaiveModel,-25.880004882812386
_NaiveModel,1.05999755859375
_NaiveModel,9.16998291015625
_NaiveModel,-0.860015869140625
_NaiveModel,-13.6300048828125
_NaiveModel,-1.0799942016601562
_NaiveModel,2.55999755859375
_NaiveModel,-0.26000213623046875
_NaiveModel,-5.0500030517578125
_NaiveModel,-2.929992675781307
_NaiveModel,1.6699981689453125
_NaiveModel,5.9499969482421875
_NaiveModel,-11.819976806640568
_NaiveModel,-2.519989013671932
_NaiveModel,-4.769989013671875
_NaiveModel,6.110015869140682
_NaiveModel,-1.1199951171875
_NaiveModel,-0.94000244140625
_NaiveModel,-2.1199951171875
_NaiveModel,10.5
_NaiveModel,3.16998291015625
_NaiveModel,44.8701171875
_NaiveModel,9.1300048828125
_NaiveModel,-5.410003662109318
_NaiveModel,14.649963378906136
_NaiveModel,-22.410034179687386
_NaiveModel,6.1800079345703125
_NaiveModel,1.290008544921875
_NaiveModel,-2.8300018310547443
_NaiveModel,-4.8800048828125
_NaiveModel,-22.880004882812614
_NaiveModel,-8.75
_NaiveModel,-2.0
_NaiveModel,-0.239990234375
_NaiveModel,-4.1400146484375
_NaiveModel,-1.0900039672851705
_NaiveModel,4.8900146484375
_NaiveModel,0.25
_NaiveModel,-1.339996337890625
_NaiveModel,7.009994506835966
_NaiveModel,-0.5500030517578125
_NaiveModel,0.8899993896484375
_NaiveModel,11.549987792968693
_NaiveModel,7.260009765625
_NaiveModel,-11.950012207031193
_NaiveModel,-2.560028076171875
_NaiveModel,-2.760009765625
_NaiveModel,-0.95001220703125
_NaiveModel,0.6400146484375
_NaiveModel,-3.600006103515568
_NaiveModel,3.69000244140625
_NaiveModel,26.2099609375
_NaiveModel,1.5700073242186932
_NaiveModel,-3.6099853515625
_NaiveModel,-29.3399658203125
_NaiveModel,9.32000732421875
_NaiveModel,4.3300018310546875
_NaiveModel,12.159973144531307
_NaiveModel,-0.1099853515625
_NaiveModel,2.100006103515625
_NaiveModel,-18.53997802734375
_NaiveModel,-5.739990234375
_NaiveModel,-2.329986572265625
_NaiveModel,1.149993896484375
_NaiveModel,10.77001953125
_NaiveModel,0.09999847412107954
_NaiveModel,2.459991455078125
_NaiveModel,-1.7399978637695312
_NaiveModel,-4.2400054931640625
_NaiveModel,2.110000610351534
_NaiveModel,3.05999755859375
_NaiveModel,0.910003662109375
_NaiveModel,-16.649993896484375
_NaiveModel,7.139984130859432
_NaiveModel,-4.459991455078182
_NaiveModel,-5.069976806640625
_NaiveModel,2.839996337890625
_NaiveModel,-5.1099853515625
_NaiveModel,-5.8800048828125
_NaiveModel,-46.73001098632818
_NaiveModel,-1.509979248046875
_NaiveModel,-75.4200439453125
_NaiveModel,-17.44000244140625
_NaiveModel,-0.8600158691406818
_NaiveModel,-1.760009765625
_NaiveModel,3.27001953125
_NaiveModel,4.519989013671903
_NaiveModel,-2.809997558593807
_NaiveModel,1.1899871826172443
_NaiveModel,4.16998291015625
_NaiveModel,26.510009765625
_NaiveModel,5.89996337890625
_NaiveModel,5.459991455078182
_NaiveModel,7.95001220703125
_NaiveModel,7.17999267578125
_NaiveModel,0.9200057983398438
_NaiveModel,5.649993896484375
_NaiveModel,0.220001220703125
_NaiveModel,-3.6999969482421875
_NaiveModel,-1.360000610351534
_NaiveModel,-0.3600006103515625
_NaiveModel,-0.75
_NaiveModel,-16.55999755859375
_NaiveModel,2.470001220703068
_NaiveModel,-10.240020751953125
_NaiveModel,2.489990234375
_NaiveModel,-0.2299957275390625
_NaiveModel,2.0099945068359375
_NaiveModel,0.07000732421875
_NaiveModel,12.930023193359375
_NaiveModel,3.819976806640625
_NaiveModel,28.1400146484375
_NaiveModel,12.880004882812557
_NaiveModel,-5.25
_NaiveModel,31.239990234375
_NaiveModel,-16.30999755859375
_NaiveModel,-5.149993896484403
_NaiveModel,0.050018310546875
_NaiveModel,2.1100006103515057
_NaiveModel,8.6300048828125
_NaiveModel,12.0899658203125
_NaiveModel,1.85003662109375
_NaiveModel,-9.049987792968807
_NaiveModel,0.399993896484375
_NaiveModel,-3.92999267578125
_NaiveModel,1.259994506835966
_NaiveModel,-6.80999755859375
_NaiveModel,2.0699996948242188
_NaiveModel,-3.6699981689453125
_NaiveModel,-0.5599975585937784
_NaiveModel,1.839996337890625
_NaiveModel,-3.260009765625
_NaiveModel,-13.05999755859375
_NaiveModel,5.350006103515625
_NaiveModel,-2.459991455078125
_NaiveModel,-2.480010986328125
_NaiveModel,-0.1199951171875
_NaiveModel,2.1100006103515625
_NaiveModel,-3.33001708984375
_NaiveModel,-66.1300048828125
_NaiveModel,-1.44000244140625
_NaiveModel,-101.8199462890625
_NaiveModel,1.9199829101561932
_NaiveModel,-4.30999755859375
_NaiveModel,-22.3399658203125
_NaiveModel,20.66998291015625
_NaiveModel,5.800003051757841
_NaiveModel,-9.610015869140568
_NaiveModel,0.9300079345703125
_NaiveModel,-5.5
_NaiveModel,1.8200073242188637
_NaiveModel,-5.330017089843693
_NaiveModel,5.189971923828125
_NaiveModel,1.07000732421875
_NaiveModel,-7.91998291015625
_NaiveModel,-0.40999603271485796
_NaiveModel,-2.579986572265625
_NaiveModel,0.8899993896484375
_NaiveModel,-11.330001831054688
_NaiveModel,-8.679992675781278
_NaiveModel,-3.0
_NaiveModel,2.1200103759765625
_NaiveModel,-9.360015869140625
_NaiveModel,-25.089996337890625
_NaiveModel,-3.410003662109375
_NaiveModel,3.230010986328125
_NaiveModel,0.709991455078125
_NaiveModel,6.19000244140625
_NaiveModel,-7.350006103515625
_NaiveModel,-13.720001220703125
_NaiveModel,-1.5
_NaiveModel,-56.7100830078125
_NaiveModel,-10.8599853515625
_NaiveModel,3.0
_NaiveModel,-29.80999755859375
_NaiveModel,-3.6300048828125
_NaiveModel,-1.5100097656250568
_NaiveModel,-5.179992675781307
_NaiveModel,-1.350006103515625
_NaiveModel,-1.75
_NaiveModel,-20.940002441406364
_NaiveModel,9.220031738281193
_NaiveModel,7.660003662109375
_NaiveModel,-1.07000732421875
_NaiveModel,5.449951171875
_NaiveModel,-0.04000091552734375
_NaiveModel,2.239990234375
_NaiveModel,-0.769996643066392
_NaiveModel,1.979995727539034
_NaiveModel,-5.060012817382784
_NaiveModel,-1.4799957275390625
_NaiveModel,10.1199951171875
_NaiveModel,3.1400146484375
_NaiveModel,7.199981689453125
_NaiveModel,6.8800048828125
_NaiveModel,4.82000732421875
_NaiveModel,-0.459991455078125
_NaiveModel,-1.19000244140625
_NaiveModel,3.310028076171875
_NaiveModel,19.0
_NaiveModel,-3.78997802734375
_NaiveModel,40.81005859375
_NaiveModel,4.779998779296875
_NaiveModel,4.490020751953125
_NaiveModel,14.88995361328125
_NaiveModel,-1.0899658203125
_NaiveModel,-1.659988403320284
_NaiveModel,2.440002441406307
_NaiveModel,2.9900054931640625
_NaiveModel,4.82000732421875
_NaiveModel,-4.5999755859375
_NaiveModel,-5.3800048828125
_NaiveModel,-9.279998779296875
_NaiveModel,2.540008544921875
_NaiveModel,-1.65997314453125
_NaiveModel,-0.9499969482421875
_NaiveModel,0.8200073242188068
_NaiveModel,1.4399948120117188
_NaiveModel,-0.02999877929684658
_NaiveModel,-8.459991455078125
_NaiveModel,3.839996337890625
_NaiveModel,-1.959991455078125
_NaiveModel,-1.6900024414061932
_NaiveModel,-3.939971923828125
_NaiveModel,-1.970001220703125
_NaiveModel,1.17999267578125
_NaiveModel,1.2700042724609375
_NaiveModel,-0.94000244140625
_NaiveModel,-8.790008544921875
_NaiveModel,-6.050018310546875
_NaiveModel,-3.200012207031307
_NaiveModel,11.969970703125
_NaiveModel,-3.850006103515568
_NaiveModel,0.589996337890625
_NaiveModel,0.44000244140625
_NaiveModel,2.83001708984375
_NaiveModel,-7.290008544921875
_NaiveModel,-0.8900146484375
_NaiveModel,2.6600036621093466
_NaiveModel,0.760009765625
_NaiveModel,-28.730041503906136
_NaiveModel,5.199951171875
_NaiveModel,7.46002197265625
_NaiveModel,6.949981689453125
_NaiveModel,3.15997314453125
_NaiveModel,-2.9800033569335938
_NaiveModel,-6.660003662109432
_NaiveModel,0.9300003051757528
_NaiveModel,1.1200103759765625
_NaiveModel,-10.44000244140625
_NaiveModel,-0.1699981689453125
_NaiveModel,-4.9600067138671875
_NaiveModel,-9.190002441406307
_NaiveModel,-1.610015869140625
_NaiveModel,1.70001220703125
_NaiveModel,1.80999755859375
_NaiveModel,0.329986572265625
_NaiveModel,1.5800018310546875
_NaiveModel,-1.17999267578125
_NaiveModel,-17.3800048828125
_NaiveModel,-2.019989013671818
_NaiveModel,-44.9100341796875
_NaiveModel,-11.97998046875
_NaiveModel,1.779998779296875
_NaiveModel,-80.05999755859375
_NaiveModel,-15.86004638671875
_NaiveModel,4.69000244140625
_NaiveModel,-34.85998535156256
_NaiveModel,-2.5
_NaiveModel,-3.980010986328125
_NaiveModel,-83.38995361328136
_NaiveModel,-8.15997314453125
_NaiveModel,22.309967041015625
_NaiveModel,-3.510009765625
_NaiveModel,57.21002197265625
_NaiveModel,1.7699966430664205
_NaiveModel,16.67999267578125
_NaiveModel,-3.709999084472628
_NaiveModel,9.67999267578125
_NaiveModel,2.44000244140625
_NaiveModel,-0.6299896240234375
_NaiveModel,-1.1399993896484375
_NaiveModel,-8.830017089843693
_NaiveModel,-2.230010986328125
_NaiveModel,0.259979248046875
_NaiveModel,5.019989013671875
_NaiveModel,-3.9199981689453125
_NaiveModel,0.339996337890625
_NaiveModel,0.53997802734375
_NaiveModel,-13.899993896484375
_NaiveModel,-3.339996337890625
_NaiveModel,-9.5198974609375
_NaiveModel,-5.620025634765682
_NaiveModel,2.779998779296875
_NaiveModel,7.82000732421875
_NaiveModel,-4.66998291015625
_NaiveModel,0.100006103515625
_NaiveModel,-0.160003662109375
_NaiveModel,0.4399871826172159
_NaiveModel,2.20001220703125
_NaiveModel,22.78997802734375
_NaiveModel,2.47998046875
_NaiveModel,-17.6099853515625
_NaiveModel,2.310028076171875
_NaiveModel,2.22003173828125
_NaiveModel,-0.9199981689453267
_NaiveModel,4.790008544921875
_NaiveModel,2.3400039672851562
_NaiveModel,3.9199981689453125
_NaiveModel,2.1300048828125
_NaiveModel,2.709991455078125
_NaiveModel,3.209991455078125
_NaiveModel,3.220001220703068
_NaiveModel,-1.489990234375
_NaiveModel,-3.970001220703125
_NaiveModel,-25.55999755859375
_NaiveModel,-0.4199981689453125
_NaiveModel,-4.1100006103515625
_NaiveModel,-3.100006103515625
_NaiveModel,11.420013427734375
_NaiveModel,1.41998291015625
_NaiveModel,47.8798828125
_NaiveModel,18.370025634765682
_NaiveModel,-5.350006103515625
_NaiveModel,10.91998291015625
_NaiveModel,4.010009765625
_NaiveModel,-1.1400146484375
_NaiveModel,0.55999755859375
_NaiveModel,-2.449996948242159
_NaiveModel,0.17999267578125
_NaiveModel,-5.72998046875
_NaiveModel,1.05999755859375
_NaiveModel,-1.1900024414061932
_NaiveModel,-2.180023193359375
_NaiveModel,7.27996826171875
_NaiveModel,0.20000457763671875
_NaiveModel,-4.429992675781193
_NaiveModel,-1.6800003051758097
_NaiveModel,3.4400024414062784
_NaiveModel,7.0
_NaiveModel,-0.7700042724609375
_NaiveModel,1.920013427734375
_NaiveModel,2.6500244140625
_NaiveModel,12.6400146484375
_NaiveModel,-12.079986572265625
_NaiveModel,0.350006103515625
_NaiveModel,0.0
_NaiveModel,-2.3699951171875
_NaiveModel,3.450012207031193
_NaiveModel,13.179992675781193
_NaiveModel,2.8699951171875
_NaiveModel,25.260009765625
_NaiveModel,4.559997558593693
_NaiveModel,-3.489990234374943
_NaiveModel,2.0
_NaiveModel,13.140014648437386
_NaiveModel,-2.019989013671875
_NaiveModel,-5.94000244140625
_NaiveModel,2.1600036621093466
_NaiveModel,-3.350006103515625
_NaiveModel,15.69000244140625
_NaiveModel,0.10003662109375
_NaiveModel,-2.259979248046932
_NaiveModel,9.149993896484375
_NaiveModel,-3.5899658203125
_NaiveModel,1.6699981689453125
_NaiveModel,-0.20001220703130684
_NaiveModel,0.4499969482422017
_NaiveModel,-8.339996337890682
_NaiveModel,0.3199920654296875
_NaiveModel,-0.220001220703125
_NaiveModel,-0.010009765625
_NaiveModel,-2.370025634765568
_NaiveModel,-2.52001953125
_NaiveModel,0.230010986328125
_NaiveModel,-0.22998046875
_NaiveModel,2.3300018310546875
_NaiveModel,0.720001220703125
_NaiveModel,2.369995117187557
_NaiveModel,-42.48001098632807
_NaiveModel,-8.909988403320312
_NaiveModel,-39.89990234375
_NaiveModel,-2.820007324218693
_NaiveModel,1.22998046875
_NaiveModel,4.45001220703125
_NaiveModel,3.22998046875
_NaiveModel,-4.8600006103515625
_NaiveModel,-5.509979248046875
_NaiveModel,3.1499938964844034
_NaiveModel,3.410003662109375
_NaiveModel,33.690002441406136
_NaiveModel,16.3399658203125
_NaiveModel,-1.790008544921875
_NaiveModel,3.170013427734375
_NaiveModel,-15.8800048828125
_NaiveModel,2.720001220703139
_NaiveModel,-8.8699951171875
_NaiveModel,0.970001220703125
_NaiveModel,-8.630004882812472
_NaiveModel,3.0
_NaiveModel,-2.4699859619140625
_NaiveModel,-1.519989013671875
_NaiveModel,-2.579986572265682
_NaiveModel,-19.79998779296875
_NaiveModel,-0.36001586914068184
_NaiveModel,-0.540008544921875
_NaiveModel,2.1100006103515625
_NaiveModel,1.6199951171875
_NaiveModel,-0.259979248046875
_NaiveModel,-1.8699951171875
_NaiveModel,0.2799987792969034
_NaiveModel,25.8599853515625
_NaiveModel,2.709991455078068
_NaiveModel,-5.149993896484432
_NaiveModel,-26.3699951171875
_NaiveModel,-10.679992675781136
_NaiveModel,16.5
_NaiveModel,0.42999267578125
_NaiveModel,-4.549987792968807
_NaiveModel,1.329986572265625
_NaiveModel,3.8299560546876137
_NaiveModel,25.6400146484375
_NaiveModel,7.779998779296875
_NaiveModel,-2.459991455078125
_NaiveModel,15.5699462890625
_NaiveModel,-1.730003356933608
_NaiveModel,17.170013427734375
_NaiveModel,-6.25
_NaiveModel,2.8600006103515625
_NaiveModel,11.220001220703125
_NaiveModel,-2.8600006103515625
_NaiveModel,11.04998779296875
_NaiveModel,13.790008544921875
_NaiveModel,4.779998779296932
_NaiveModel,-1.0400085449218182
_NaiveModel,2.410003662109375
_NaiveModel,-2.0500030517578125
_NaiveModel,-1.029998779296875
_NaiveModel,-7.0
_NaiveModel,-18.970001220703125
_NaiveModel,-5.449996948242301
_NaiveModel,15.3099365234375
_NaiveModel,-20.47998046875
_NaiveModel,3.100006103515625
_NaiveModel,-8.41998291015625
_NaiveModel,2.1099853515625
_NaiveModel,-2.6900024414062216
_NaiveModel,-7.029998779296875
_NaiveModel,0.05999755859369316
_NaiveModel,-0.019989013671875
_NaiveModel,-18.4599609375
_NaiveModel,16.52001953125
_NaiveModel,1.19000244140625
_NaiveModel,1.769989013671875
_NaiveModel,-5.87994384765625
_NaiveModel,-0.3300018310546733
_NaiveModel,-8.760009765625
_NaiveModel,0.5999984741210938
_NaiveModel,-2.6199951171875
_NaiveModel,-6.3300018310546875
_NaiveModel,-0.529998779296875
_NaiveModel,-6.649993896484375
_NaiveModel,-1.089996337890625
_NaiveModel,-19.360015869140682
_NaiveModel,-7.509979248046875
_NaiveModel,-1.350006103515625
_NaiveModel,-0.3799896240234375
_NaiveModel,-1.1399993896484375
_NaiveModel,6.879974365234375
_NaiveModel,-9.53997802734375
_NaiveModel,-1.6300048828124432
_NaiveModel,17.530029296875
_NaiveModel,-2.540008544921875
_NaiveModel,3.579986572265625
_NaiveModel,-2.04998779296875
_NaiveModel,-7.969970703125
_NaiveModel,-0.8399963378906818
_NaiveModel,5.1300048828125
_NaiveModel,4.529998779296932
_NaiveModel,3.989990234375
_NaiveModel,16.880004882812386
_NaiveModel,9.33001708984375
_NaiveModel,5.300018310546875
_NaiveModel,5.100006103515625
_NaiveModel,2.0699462890625
_NaiveModel,4.5400009155273295
_NaiveModel,-6.089996337890568
_NaiveModel,1.4100036621093892
_NaiveModel,2.179992675781193
_NaiveModel,-3.589996337890625
_NaiveModel,2.1699981689453125
_NaiveModel,-0.0800018310546875
_NaiveModel,6.079986572265625
_NaiveModel,-1.839996337890625
_NaiveModel,-22.529998779296875
_NaiveModel,4.0
_NaiveModel,-1.6800079345702983
_NaiveModel,-0.6800079345703125
_NaiveModel,-2.819976806640625
_NaiveModel,3.44000244140625
_NaiveModel,2.279998779296818
_NaiveModel,-16.699951171875
_NaiveModel,6.910003662109375
_NaiveModel,2.5
_NaiveModel,-3.75
_NaiveModel,2.0499877929688637
_NaiveModel,-4.130004882812472
_NaiveModel,4.259979248046875
_NaiveModel,3.489990234375
_NaiveModel,-6.699981689453125
_NaiveModel,7.130004882812614
_NaiveModel,10.90997314453125
_NaiveModel,4.64996337890625
_NaiveModel,4.41998291015625
_NaiveModel,17.6400146484375
_NaiveModel,1.970001220703125
_NaiveModel,4.720001220703068
_NaiveModel,-0.02999877929688921
_NaiveModel,-0.38000488281244316
_NaiveModel,-2.5200042724609375
_NaiveModel,2.4399871826171875
_NaiveModel,0.5
_NaiveModel,8.1199951171875
_NaiveModel,4.260009765625
_NaiveModel,1.149993896484375
_NaiveModel,3.079986572265625
_NaiveModel,-0.4199981689453267
_NaiveModel,-1.239990234375
_NaiveModel,-6.83001708984375
_NaiveModel,-0.1300048828125
_NaiveModel,-0.8600006103515057
_NaiveModel,-48.9700927734375
_NaiveModel,-8.07000732421875
_NaiveModel,0.540008544921875
_NaiveModel,-21.99005126953125
_NaiveModel,-12.679992675781364
_NaiveModel,-0.9199981689453125
_NaiveModel,-5.660003662109375
_NaiveModel,0.3600006103515625
_NaiveModel,-0.339996337890625
_NaiveModel,-23.0400390625
_NaiveModel,15.29998779296875
_NaiveModel,-2.760009765625
_NaiveModel,-4.399993896484375
_NaiveModel,-11.67999267578125
_NaiveModel,-3.6100006103515625
_NaiveModel,-2.529998779296875
_NaiveModel,-0.15000152587892046
_NaiveModel,-3.3299865722656534
_NaiveModel,3.279998779296875
_NaiveModel,-3.8199920654296875
_NaiveModel,-3.6300048828125
_NaiveModel,-11.720001220703125
_NaiveModel,-7.149993896484375
_NaiveModel,-8.230010986328125
_NaiveModel,-1.91998291015625
_NaiveModel,-2.6800003051757812
_NaiveModel,5.5399932861328125
_NaiveModel,3.029998779296875
_NaiveModel,-20.1400146484375
_NaiveModel,-1.1999969482421875
_NaiveModel,70.9400634765625
_NaiveModel,-1.75
_NaiveModel,-1.029998779296875
_NaiveModel,-2.489990234375
_NaiveModel,-2.46002197265625
_NaiveModel,-3.6199951171875
_NaiveModel,1.100006103515625
_NaiveModel,4.1300048828125
_NaiveModel,-4.02001953125
_NaiveModel,1.0400390625
_NaiveModel,3.6099853515625
_NaiveModel,1.4200439453125
_NaiveModel,-0.699981689453125
_NaiveModel,-5.28997802734375
_NaiveModel,2.44000244140625
_NaiveModel,-9.040008544921875
_NaiveModel,-0.5900039672851562
_NaiveModel,0.5199890136719034
_NaiveModel,-8.529998779296875
_NaiveModel,0.2700042724609375
_NaiveModel,-0.6100006103515625
_NaiveModel,3.050018310546932
_NaiveModel,11.75
_NaiveModel,-2.350006103515625
_NaiveModel,0.80999755859375
_NaiveModel,-0.05999755859373579
_NaiveModel,-2.970001220703125
_NaiveModel,-7.600006103515625
_NaiveModel,-3.04998779296875
_NaiveModel,0.5200042724609091
_NaiveModel,36.530029296875
_NaiveModel,-15.94000244140625
_NaiveModel,3.45001220703125
_NaiveModel,24.08001708984375
_NaiveModel,-9.95001220703125
_NaiveModel,-6.290008544921875
_NaiveModel,-4.209991455078125
_NaiveModel,1.430007934570284
_NaiveModel,5.19000244140625
_NaiveModel,17.469970703125
_NaiveModel,0.48004150390625
_NaiveModel,-6.800048828125
_NaiveModel,-3.040008544921875
_NaiveModel,-9.09002685546875
_NaiveModel,2.05999755859375
_NaiveModel,-18.110015869140625
_NaiveModel,0.06999969482424717
_NaiveModel,-2.3600006103515057
_NaiveModel,-6.80999755859375
_NaiveModel,1.0
_NaiveModel,-6.4499969482421875
_NaiveModel,-27.75
_NaiveModel,4.790008544921875
_NaiveModel,0.1400146484375
_NaiveModel,-4.540008544921875
_NaiveModel,0.29000091552731533
_NaiveModel,0.230010986328125
_NaiveModel,0.370025634765625
_NaiveModel,-8.240005493164062
_NaiveModel,-9.130004882812472
_NaiveModel,-18.10009765625
_NaiveModel,-1.029998779296875
_NaiveModel,2.649993896484432
_NaiveModel,-2.52001953125
_NaiveModel,6.049987792968864
_NaiveModel,1.510009765625
_NaiveModel,-11.600006103515682
_NaiveModel,-2.139999389648409
_NaiveModel,2.55999755859375
_NaiveModel,7.04998779296875
_NaiveModel,8.1099853515625
_NaiveModel,-4.579986572265625
_NaiveModel,1.290008544921875
_NaiveModel,-27.9599609375
_NaiveModel,0.19000244140625
_NaiveModel,-8.739990234375
_NaiveModel,0.9900054931640341
_NaiveModel,-7.199996948242301
_NaiveModel,-7.3800048828125
_NaiveModel,-0.8000030517578125
_NaiveModel,-3.3300018310546875
_NaiveModel,-11.779998779296932
_NaiveModel,-10.320007324218693
_NaiveModel,-1.19000244140625
_NaiveModel,-1.97998046875
_NaiveModel,-0.48000335693357954
_NaiveModel,3.399993896484375
_NaiveModel,1.279998779296875
_NaiveModel,-1.790008544921875
_NaiveModel,-1.5099945068359375
_NaiveModel,-21.919921875
_NaiveModel,-8.200012207031193
_NaiveModel,-0.29000854492193184
_NaiveModel,-1.07000732421875
_NaiveModel,17.619995117187386
_NaiveModel,-7.8600006103515625
_NaiveModel,-4.070007324218693
_NaiveModel,0.5
_NaiveModel,-3.80999755859375
_NaiveModel,9.91998291015625
_NaiveModel,-5.97003173828125
_NaiveModel,-9.91998291015625
_NaiveModel,1.16998291015625
_NaiveModel,-4.6700439453125
_NaiveModel,1.2699966430664205
_NaiveModel,-13.5
_NaiveModel,1.779998779296875
_NaiveModel,-0.6799926757811932
_NaiveModel,-17.529998779296875
_NaiveModel,1.5800018310546875
_NaiveModel,-4.30999755859375
_NaiveModel,-3.470001220703125
_NaiveModel,1.0299987792968182
_NaiveModel,-8.670013427734375
_NaiveModel,-5.030029296875
_NaiveModel,2.1999969482421875
_NaiveModel,-0.1300048828125
_NaiveModel,0.009979248046875
_NaiveModel,-8.399993896484375
_NaiveModel,-4.730010986328097
_NaiveModel,-29.6400146484375
_NaiveModel,-16.639984130859432
_NaiveModel,5.300018310546932
_NaiveModel,-3.5899658203125
_NaiveModel,33.56005859375
_NaiveModel,5.8899993896484375
_NaiveModel,1.25
_NaiveModel,2.8499908447265057
_NaiveModel,0.459991455078125
_NaiveModel,15.72003173828125
_NaiveModel,10.1500244140625
_NaiveModel,4.910003662109432
_NaiveModel,3.8699951171875
_NaiveModel,-1.469970703125
_NaiveModel,1.2600021362304545
_NaiveModel,2.200012207031307
_NaiveModel,0.40000152587892046
_NaiveModel,-4.72000122070321
_NaiveModel,-0.2299957275390625
_NaiveModel,1.5
_NaiveModel,2.4300079345703125
_NaiveModel,-3.33001708984375
_NaiveModel,-5.110015869140625
_NaiveModel,2.58001708984375
_NaiveModel,3.930023193359375
_NaiveModel,2.3600082397460938
_NaiveModel,2.529998779296875
