ticker,model,pred_inc,MAPE
AAPL,_NaiveModel,0.0,0.013357377049180327
AMD,_NaiveModel,-3.5440219019053154e-07,0.034291803278688526
AMZN,_NaiveModel,-1.973110606614492e-18,0.014229508196721311
ASML,_NaiveModel,-0.00036707848490000325,0.024591803278688526
AVGO,_NaiveModel,0.0,0.01813114754098361
BRK-B,_NaiveModel,4.230945955548033e-05,0.006181967213114754
CAT,_NaiveModel,-0.00033609567189036226,0.019437704918032785
COST,_NaiveModel,0.0003483923359534853,0.00938360655737705
CRM,_NaiveModel,-8.714520070156e-18,0.024285245901639343
GOOGL,_NaiveModel,0.0,0.014272131147540983
JNJ,_NaiveModel,0.00014002120810039818,0.011308196721311475
JPM,_NaiveModel,0.00015735307060109016,0.00808360655737705
LLY,_NaiveModel,-2.076870157557213e-05,0.014185245901639344
LMT,_NaiveModel,-5.909852171618197e-05,0.014704918032786885
MA,_NaiveModel,0.000388569477691323,0.010345901639344263
MCD,_NaiveModel,0.0003114037043016733,0.009788524590163933
META,_NaiveModel,0.0,0.02165737704918033
MRK,_NaiveModel,-0.0001304533066479049,0.013939344262295083
MSFT,_NaiveModel,0.0,0.014711475409836066
NEE,_NaiveModel,-0.00032013167761747377,0.007686885245901639
NVDA,_NaiveModel,5.528487933944058e-19,0.018014754098360654
ORCL,_NaiveModel,0.0,0.02717704918032787
PG,_NaiveModel,0.00012237652017460494,0.00898360655737705
PLTR,_NaiveModel,0.0,0.023781967213114753
TSLA,_NaiveModel,0.0,0.025336065573770494
TSM,_NaiveModel,0.0,0.020011475409836065
UNH,_NaiveModel,-8.714297010864591e-05,0.01211639344262295
V,_NaiveModel,8.376789339095574e-05,0.009749180327868853
WMT,_NaiveModel,0.0,0.012734426229508197
XOM,_NaiveModel,2.829391127245574e-05,0.013037704918032788
