ticker,model,pred,real,timestamp,pred_delta,real_delta,pred_inc,real_inc,direction,Predicted,is_earnings_day,is_macro_day,MAE,MSE,RMSE,MAPE,R2,EVS
AAPL,_NaiveModel,340.0799865722656,338.19000244140625,2026-07-29 00:00:00,0.0,-1.889984130859375,0.0,-0.005557469435084682,False,2026-07-29,False,False,1.89,3.572,1.89,0.0056,,1.0
AMD,_NaiveModel,454.6199951171875,429.55999755859375,2026-07-29 00:00:00,0.0,-25.05999755859375,0.0,-0.055122955056418114,False,2026-07-29,False,False,25.06,628.0035,25.06,0.0583,,1.0
AMZN,_NaiveModel,230.8600006103516,226.6499938964844,2026-07-29 00:00:00,0.0,-4.2100067138671875,0.0,-0.018236189477331285,False,2026-07-29,False,False,4.21,17.7242,4.21,0.0186,,1.0
ASML,_NaiveModel,1582.949951171875,1550.68994140625,2026-07-29 00:00:00,0.0,-32.260009765625,0.0,-0.020379677665577845,False,2026-07-29,False,False,32.26,1040.7082,32.26,0.0208,,1.0
AVGO,_NaiveModel,380.9100036621094,370.3200073242188,2026-07-29 00:00:00,0.0,-10.589996337890568,0.0,-0.02780183307363213,False,2026-07-29,False,False,10.59,112.148,10.59,0.0286,,1.0
BRK-B,_NaiveModel,512.3699951171875,509.1600036621094,2026-07-29 00:00:00,0.0,-3.209991455078125,0.0,-0.006264987188299242,False,2026-07-29,False,False,3.21,10.304,3.21,0.0063,,1.0
CAT,_NaiveModel,840.8499755859375,782.7100219726562,2026-07-29 00:00:00,0.0,-58.13995361328125,0.0,-0.0691442650905318,False,2026-07-29,False,False,58.14,3380.2542,58.14,0.0743,,1.0
COST,_NaiveModel,966.5800170898438,974.030029296875,2026-07-29 00:00:00,0.0,7.45001220703125,0.0,0.007707600069636832,False,2026-07-29,False,False,7.45,55.5027,7.45,0.0076,,1.0
CRM,_NaiveModel,181.5,188.3800048828125,2026-07-29 00:00:00,0.0,6.8800048828125,0.0,0.03790636299070248,False,2026-07-29,False,False,6.88,47.3345,6.88,0.0365,,1.0
GOOGL,_NaiveModel,333.7099914550781,336.7099914550781,2026-07-29 00:00:00,0.0,3.0,0.0,0.008989841709320953,False,2026-07-29,False,False,3.0,9.0,3.0,0.0089,,1.0
JNJ,_NaiveModel,266.7300109863281,265.5299987792969,2026-07-29 00:00:00,0.0,-1.20001220703125,0.0,-0.004498977083957603,False,2026-07-29,False,False,1.2,1.44,1.2,0.0045,,1.0
JPM,_NaiveModel,357.3099975585937,344.7099914550781,2026-07-29 00:00:00,0.0,-12.600006103515568,0.0,-0.0352635140063478,False,2026-07-29,False,False,12.6,158.7602,12.6,0.0366,,1.0
LLY,_NaiveModel,1220.6600341796875,1210.02001953125,2026-07-29 00:00:00,0.0,-10.6400146484375,0.0,-0.008716607696251677,False,2026-07-29,False,False,10.64,113.2099,10.64,0.0088,,1.0
LMT,_NaiveModel,581.3099975585938,569.2000122070312,2026-07-29 00:00:00,0.0,-12.1099853515625,0.0,-0.020832233063980396,False,2026-07-29,False,False,12.11,146.6517,12.11,0.0213,,1.0
MA,_NaiveModel,562.75,563.3200073242188,2026-07-29 00:00:00,0.0,0.57000732421875,0.0,0.0010128961780875166,False,2026-07-29,False,False,0.57,0.3249,0.57,0.001,,1.0
MCD,_NaiveModel,273.0199890136719,271.5199890136719,2026-07-29 00:00:00,0.0,-1.5,0.0,-0.0054941032172002805,False,2026-07-29,False,False,1.5,2.25,1.5,0.0055,,1.0
META,_NaiveModel,593.4099731445312,585.6099853515625,2026-07-29 00:00:00,0.0,-7.79998779296875,0.0,-0.013144349009902773,False,2026-07-29,False,False,7.8,60.8398,7.8,0.0133,,1.0
MRK,_NaiveModel,131.82000732421875,130.36000061035156,2026-07-29 00:00:00,0.0,-1.4600067138671875,0.0,-0.011075759617250047,False,2026-07-29,False,False,1.46,2.1316,1.46,0.0112,,1.0
MSFT,_NaiveModel,393.3500061035156,390.5400085449219,2026-07-29 00:00:00,0.0,-2.80999755859375,0.0,-0.007143758777149375,False,2026-07-29,False,False,2.81,7.8961,2.81,0.0072,,1.0
NEE,_NaiveModel,89.27999877929688,88.45999908447266,2026-07-29 00:00:00,0.0,-0.8199996948242188,0.0,-0.009184584521011086,False,2026-07-29,False,False,0.82,0.6724,0.82,0.0093,,1.0
NVDA,_NaiveModel,197.009994506836,190.00999450683597,2026-07-29 00:00:00,2.842170943040401e-14,-7.0,1.442653176126951e-16,-0.03553119230079015,False,2026-07-29,False,False,7.0,49.0,7.0,0.0368,,1.0
ORCL,_NaiveModel,119.95999908447266,117.73999786376952,2026-07-29 00:00:00,0.0,-2.220001220703139,0.0,-0.01850617904006379,False,2026-07-29,False,False,2.22,4.9284,2.22,0.0189,,1.0
PG,_NaiveModel,148.8800048828125,146.10000610351562,2026-07-29 00:00:00,0.0,-2.779998779296875,0.0,-0.018672747770831197,False,2026-07-29,False,False,2.78,7.7284,2.78,0.019,,1.0
PLTR,_NaiveModel,123.52999877929688,123.0,2026-07-29 00:00:00,0.0,-0.529998779296875,0.0,-0.004290445920296574,False,2026-07-29,False,False,0.53,0.2809,0.53,0.0043,,1.0
TSLA,_NaiveModel,307.44000244140625,298.32000732421875,2026-07-29 00:00:00,0.0,-9.1199951171875,0.0,-0.029664308628561252,False,2026-07-29,False,False,9.12,83.1743,9.12,0.0306,,1.0
TSM,_NaiveModel,392.30999755859375,374.6700134277344,2026-07-29 00:00:00,0.0,-17.639984130859375,0.0,-0.044964401214946714,False,2026-07-29,False,False,17.64,311.169,17.64,0.0471,,1.0
UNH,_NaiveModel,428.7900085449219,420.5700073242188,2026-07-29 00:00:00,0.0,-8.220001220703068,0.0,-0.01917022565100629,False,2026-07-29,False,False,8.22,67.5684,8.22,0.0195,,1.0
V,_NaiveModel,366.5899963378906,368.7300109863281,2026-07-29 00:00:00,0.0,2.1400146484375,0.0,0.005837624239110501,False,2026-07-29,False,False,2.14,4.5797,2.14,0.0058,,1.0
WMT,_NaiveModel,113.0999984741211,114.22000122070312,2026-07-29 00:00:00,0.0,1.1200027465820312,0.0,0.009902765355370928,False,2026-07-29,False,False,1.12,1.2544,1.12,0.0098,,1.0
XOM,_NaiveModel,153.0399932861328,156.75,2026-07-29 00:00:00,0.0,3.7100067138671875,0.0,0.02424207316143,False,2026-07-29,False,False,3.71,13.7641,3.71,0.0237,,1.0
